entry_id,candidate_id,job_id,entry_date,preferred_occupation_id,job_occupation_id,occupation_exact_match,preferred_location_id,job_location_id,location_exact_match,desired_hourly_wage,offered_hourly_wage,wage_gap_ratio,preferred_work_style,job_work_style,work_style_match,entry_probability
ENT00001,CAN00001,JOB00013,2026-07-27,OCC009,OCC009,True,LOC001,LOC006,False,3550.0,3100.0,-0.127,hybrid,onsite,False,0.38
ENT00002,CAN00001,JOB00014,2026-09-13,OCC009,OCC009,True,LOC001,LOC001,True,3550.0,3150.0,-0.113,hybrid,onsite,False,0.53
ENT00003,CAN00001,JOB00016,2026-07-18,OCC009,OCC005,False,LOC001,LOC001,True,3550.0,1950.0,-0.451,hybrid,remote,False,0.23
ENT00004,CAN00001,JOB00017,2026-09-01,OCC009,OCC009,True,LOC001,LOC001,True,3550.0,3300.0,-0.07,hybrid,hybrid,True,0.61
ENT00005,CAN00001,JOB00020,2026-04-29,OCC009,OCC005,False,LOC001,LOC001,True,3550.0,2100.0,-0.408,hybrid,hybrid,True,0.27
ENT00006,CAN00002,JOB00011,2026-06-03,OCC002,OCC007,False,LOC001,LOC006,False,1450.0,2100.0,0.448,onsite,remote,False,0.18
ENT00007,CAN00002,JOB00015,2026-09-21,OCC002,OCC006,False,LOC001,LOC006,False,1450.0,2250.0,0.552,onsite,onsite,True,0.22
ENT00008,CAN00002,JOB00017,2026-09-03,OCC002,OCC009,False,LOC001,LOC001,True,1450.0,3300.0,1.276,onsite,hybrid,False,0.33
ENT00009,CAN00002,JOB00020,2026-05-19,OCC002,OCC005,False,LOC001,LOC001,True,1450.0,2100.0,0.448,onsite,hybrid,False,0.33
ENT00010,CAN00004,JOB00017,2026-09-13,OCC005,OCC009,False,LOC006,LOC001,False,2500.0,3300.0,0.32,hybrid,hybrid,True,0.3
ENT00011,CAN00005,JOB00013,2026-08-23,OCC009,OCC009,True,LOC008,LOC006,False,3050.0,3100.0,0.016,onsite,onsite,True,0.57
ENT00012,CAN00005,JOB00014,2026-09-21,OCC009,OCC009,True,LOC008,LOC001,False,3050.0,3150.0,0.033,onsite,onsite,True,0.57
ENT00013,CAN00005,JOB00016,2026-08-10,OCC009,OCC005,False,LOC008,LOC001,False,3050.0,1950.0,-0.361,onsite,remote,False,0.08
ENT00014,CAN00005,JOB00017,2026-09-18,OCC009,OCC009,True,LOC008,LOC001,False,3050.0,3300.0,0.082,onsite,hybrid,False,0.53
ENT00015,CAN00006,JOB00013,2026-07-14,OCC004,OCC009,False,LOC003,LOC006,False,2100.0,3100.0,0.476,onsite,onsite,True,0.3
ENT00016,CAN00006,JOB00014,2026-09-20,OCC004,OCC009,False,LOC003,LOC001,False,2100.0,3150.0,0.5,onsite,onsite,True,0.36
ENT00017,CAN00006,JOB00017,2026-08-31,OCC004,OCC009,False,LOC003,LOC001,False,2100.0,3300.0,0.571,onsite,hybrid,False,0.32
ENT00018,CAN00006,JOB00019,2026-08-20,OCC004,OCC002,False,LOC003,LOC003,True,2100.0,1200.0,-0.429,onsite,onsite,True,0.19
ENT00019,CAN00006,JOB00020,2026-05-14,OCC004,OCC005,False,LOC003,LOC001,False,2100.0,2100.0,0.0,onsite,hybrid,False,0.32
ENT00020,CAN00007,JOB00013,2026-07-29,OCC006,OCC009,False,LOC001,LOC006,False,2300.0,3100.0,0.348,hybrid,onsite,False,0.26
ENT00021,CAN00008,JOB00012,2026-06-24,OCC001,OCC001,True,LOC002,LOC006,False,1450.0,1400.0,-0.034,onsite,onsite,True,0.52
ENT00022,CAN00008,JOB00014,2026-09-27,OCC001,OCC009,False,LOC002,LOC001,False,1450.0,3150.0,1.172,onsite,onsite,True,0.28
ENT00023,CAN00008,JOB00017,2026-08-20,OCC001,OCC009,False,LOC002,LOC001,False,1450.0,3300.0,1.276,onsite,hybrid,False,0.24
ENT00024,CAN00008,JOB00018,2026-09-09,OCC001,OCC007,False,LOC002,LOC006,False,1450.0,2350.0,0.621,onsite,remote,False,0.18
ENT00025,CAN00008,JOB00020,2026-05-26,OCC001,OCC005,False,LOC002,LOC001,False,1450.0,2100.0,0.448,onsite,hybrid,False,0.24
ENT00026,CAN00010,JOB00012,2026-05-23,OCC002,OCC001,False,LOC001,LOC006,False,1200.0,1400.0,0.167,onsite,onsite,True,0.3
ENT00027,CAN00010,JOB00014,2026-09-18,OCC002,OCC009,False,LOC001,LOC001,True,1200.0,3150.0,1.625,onsite,onsite,True,0.37
ENT00028,CAN00010,JOB00019,2026-08-19,OCC002,OCC002,True,LOC001,LOC003,False,1200.0,1200.0,0.0,onsite,onsite,True,0.63
ENT00029,CAN00010,JOB00020,2026-05-01,OCC002,OCC005,False,LOC001,LOC001,True,1200.0,2100.0,0.75,onsite,hybrid,False,0.33
