candidate_id,ca_id,registration_date,search_end_date,status
CAN00001,,2026-05-09,,searching
CAN00002,CA001,2025-04-02,,searching
CAN00003,CA015,2025-11-14,,searching
CAN00004,CA008,2025-06-04,,searching
CAN00005,CA010,2025-06-18,,searching
CAN00006,CA004,2026-04-14,,searching
CAN00007,CA005,2026-01-06,2026-01-22,placed
CAN00008,CA002,2025-09-25,2025-11-18,ended
CAN00009,CA020,2026-09-30,,searching
CAN00010,CA010,2026-08-05,,searching
CAN00011,CA005,2025-10-12,2026-04-09,ended
CAN00012,,2025-09-22,,searching
CAN00013,,2025-11-12,2025-12-03,ended
CAN00014,,2026-09-28,,searching
CAN00015,CA002,2026-01-04,2026-02-04,placed
CAN00016,CA017,2025-10-29,,searching
CAN00017,,2025-04-14,2025-05-22,placed
CAN00018,CA007,2025-10-09,2025-10-21,placed
CAN00019,,2025-01-07,,searching
CAN00020,,2026-03-30,,searching
CAN00021,,2026-06-04,2026-08-16,placed
CAN00022,CA009,2026-08-20,2026-09-06,ended
CAN00023,,2025-12-17,2026-02-04,ended
CAN00024,CA019,2026-04-30,,searching
CAN00025,CA003,2026-03-12,,searching
CAN00026,,2026-01-03,,searching
CAN00027,CA002,2025-12-23,2026-03-21,ended
CAN00028,CA007,2026-08-02,2026-09-01,placed
CAN00029,CA014,2025-04-30,,searching
CAN00030,CA005,2025-03-30,2025-04-19,ended
CAN00031,CA004,2025-11-11,,searching
CAN00032,CA014,2026-03-05,2026-06-21,ended
CAN00033,,2025-06-19,,searching
CAN00034,,2026-08-27,2026-09-22,ended
CAN00035,CA008,2025-02-04,,searching
CAN00036,CA007,2025-05-13,2025-08-08,ended
CAN00037,CA014,2026-07-24,,searching
CAN00038,CA004,2026-02-09,,searching
CAN00039,,2025-04-14,,searching
CAN00040,CA018,2026-03-28,2026-05-09,ended
CAN00041,CA001,2025-10-04,,searching
CAN00042,,2025-09-16,,searching
CAN00043,CA011,2026-09-03,,searching
CAN00044,CA002,2026-05-31,2026-07-02,placed
CAN00045,,2025-04-22,,searching
CAN00046,,2026-03-20,,searching
CAN00047,,2025-03-09,,searching
CAN00048,,2025-05-15,,searching
CAN00049,,2026-08-29,,searching
CAN00050,CA010,2026-01-14,,searching
CAN00051,,2025-08-21,2025-09-15,placed
CAN00052,,2025-04-22,,searching
CAN00053,,2026-01-12,,searching
CAN00054,,2026-03-16,,searching
CAN00055,CA008,2025-11-14,,searching
CAN00056,,2025-04-19,,searching
CAN00057,,2026-02-21,,searching
CAN00058,CA009,2026-06-09,,searching
CAN00059,,2025-10-10,,searching
CAN00060,CA016,2025-08-23,,searching
CAN00061,CA008,2026-06-23,,searching
CAN00062,CA007,2026-06-12,,searching
CAN00063,CA012,2025-04-22,2025-05-09,placed
CAN00064,,2026-02-12,2026-05-17,ended
CAN00065,,2026-08-04,,searching
CAN00066,CA004,2026-01-26,,searching
CAN00067,CA016,2026-03-06,2026-03-30,placed
CAN00068,CA007,2026-05-08,2026-06-14,ended
CAN00069,CA003,2025-10-12,2025-11-01,placed
CAN00070,,2026-08-27,,searching
CAN00071,CA011,2025-04-12,2025-06-25,ended
CAN00072,CA010,2026-03-01,2026-03-31,placed
CAN00073,CA017,2025-05-28,2025-09-03,ended
CAN00074,CA002,2026-09-23,,searching
CAN00075,CA011,2025-11-15,2025-12-10,placed
CAN00076,CA015,2025-02-22,2025-06-08,ended
CAN00077,,2026-02-07,2026-03-04,ended
CAN00078,CA019,2025-06-26,2025-07-29,ended
CAN00079,CA009,2026-05-04,,searching
CAN00080,CA020,2026-01-20,,searching
CAN00081,CA007,2026-07-20,2026-08-21,placed
CAN00082,CA002,2025-09-23,2025-10-16,ended
CAN00083,CA016,2026-02-24,,searching
CAN00084,,2026-06-06,2026-09-28,ended
CAN00085,CA021,2025-08-09,,searching
CAN00086,CA008,2025-06-25,,searching
CAN00087,CA022,2026-08-30,,searching
CAN00088,,2026-05-14,,searching
CAN00089,,2025-06-19,,searching
CAN00090,CA013,2026-09-24,,searching
CAN00091,CA001,2026-07-18,2026-09-23,ended
CAN00092,CA003,2025-10-28,2025-11-29,placed
CAN00093,CA006,2026-04-12,,searching
CAN00094,CA010,2026-05-06,2026-06-25,placed
CAN00095,CA014,2026-02-14,2026-05-26,ended
CAN00096,CA022,2026-06-05,,searching
CAN00097,,2025-08-08,,searching
CAN00098,CA010,2026-09-28,,searching
CAN00099,CA009,2026-05-15,2026-06-23,placed
CAN00100,,2026-06-14,2026-07-09,placed
CAN00101,CA013,2026-02-06,2026-07-21,ended
CAN00102,CA001,2026-05-09,,searching
CAN00103,CA009,2025-11-29,2025-12-21,placed
CAN00104,CA002,2026-02-24,,searching
CAN00105,,2026-09-05,,searching
CAN00106,,2025-05-05,2025-06-19,placed
CAN00107,CA018,2025-03-08,,searching
CAN00108,CA019,2026-02-25,,searching
CAN00109,,2025-02-16,,searching
CAN00110,CA016,2025-08-24,2025-09-24,ended
CAN00111,,2026-08-02,,searching
CAN00112,CA016,2026-02-25,2026-03-30,placed
CAN00113,CA003,2025-04-13,,searching
CAN00114,CA011,2025-10-21,,searching
CAN00115,CA017,2025-10-26,2026-03-20,ended
CAN00116,CA018,2026-09-23,,searching
CAN00117,,2026-04-06,2026-07-03,ended
CAN00118,CA021,2026-01-30,2026-03-10,placed
CAN00119,,2025-06-11,,searching
CAN00120,CA013,2025-11-20,,searching
CAN00121,,2025-02-25,,searching
CAN00122,,2025-07-19,2025-08-09,placed
CAN00123,CA005,2025-11-24,2025-12-15,placed
CAN00124,,2025-05-19,,searching
CAN00125,,2025-08-30,,searching
CAN00126,CA010,2025-09-01,2025-09-17,placed
CAN00127,,2026-02-02,,searching
CAN00128,,2026-04-23,,searching
CAN00129,,2025-10-01,,searching
CAN00130,,2025-03-17,2025-05-13,ended
CAN00131,CA019,2025-11-23,2025-12-27,placed
CAN00132,CA017,2025-12-13,,searching
CAN00133,,2025-06-13,2025-07-01,ended
CAN00134,CA014,2026-03-04,,searching
CAN00135,CA010,2025-05-04,,searching
CAN00136,,2026-01-10,2026-02-26,ended
CAN00137,CA008,2026-09-02,,searching
CAN00138,,2025-07-09,2026-01-01,ended
CAN00139,CA007,2025-07-26,,searching
CAN00140,CA002,2025-02-04,,searching
CAN00141,CA022,2026-04-02,2026-05-06,placed
CAN00142,,2026-09-16,,searching
CAN00143,,2025-05-26,,searching
CAN00144,,2025-03-10,,searching
CAN00145,CA004,2025-06-20,,searching
CAN00146,,2026-09-15,,searching
CAN00147,CA006,2026-09-24,,searching
CAN00148,CA018,2026-01-25,,searching
CAN00149,,2025-11-20,,searching
CAN00150,CA010,2026-05-27,,searching
CAN00151,CA007,2025-12-22,2026-01-06,placed
CAN00152,CA007,2026-01-08,2026-02-13,placed
CAN00153,CA013,2026-01-14,,searching
CAN00154,CA015,2025-12-11,,searching
CAN00155,CA002,2026-07-19,2026-08-19,placed
CAN00156,CA002,2026-09-14,,searching
CAN00157,,2025-11-25,,searching
CAN00158,,2026-03-24,,searching
CAN00159,CA010,2025-04-29,,searching
CAN00160,CA021,2026-07-23,,searching
CAN00161,CA014,2026-05-20,,searching
CAN00162,,2025-06-13,,searching
CAN00163,CA022,2026-09-16,,searching
CAN00164,CA009,2025-08-30,,searching
CAN00165,CA014,2025-12-07,2026-01-13,placed
CAN00166,CA017,2026-05-14,2026-08-03,ended
CAN00167,,2025-06-07,,searching
CAN00168,CA005,2026-08-18,,searching
CAN00169,CA007,2026-05-11,2026-06-12,placed
CAN00170,,2025-09-23,,searching
CAN00171,,2026-01-30,2026-05-07,ended
CAN00172,CA021,2025-04-11,,searching
CAN00173,CA006,2025-10-11,,searching
CAN00174,CA008,2026-04-23,2026-09-30,ended
CAN00175,CA020,2026-01-20,2026-04-11,ended
CAN00176,CA020,2025-06-12,2025-09-22,ended
CAN00177,,2026-03-14,2026-06-10,ended
CAN00178,CA001,2026-09-30,,searching
CAN00179,CA004,2025-09-10,,searching
CAN00180,CA015,2026-05-16,,searching
CAN00181,CA012,2025-07-24,,searching
CAN00182,,2025-02-04,,searching
CAN00183,,2025-12-31,2026-02-10,placed
CAN00184,CA022,2026-09-14,,searching
CAN00185,CA019,2025-07-10,2025-07-22,placed
CAN00186,CA021,2026-04-09,,searching
CAN00187,,2026-08-19,,searching
CAN00188,CA004,2025-04-04,,searching
CAN00189,,2026-09-21,,searching
CAN00190,CA001,2025-09-14,2025-10-19,ended
CAN00191,CA019,2026-01-19,,searching
CAN00192,,2026-02-26,,searching
CAN00193,,2026-04-07,2026-05-02,placed
CAN00194,CA011,2025-08-28,2025-09-19,placed
CAN00195,CA008,2025-09-24,,searching
CAN00196,CA008,2026-02-03,,searching
CAN00197,CA010,2026-08-11,,searching
CAN00198,,2026-04-19,2026-08-28,ended
CAN00199,CA003,2026-05-02,,searching
CAN00200,CA006,2025-03-22,,searching
CAN00201,CA011,2026-06-18,,searching
CAN00202,CA013,2025-05-05,2025-10-03,ended
CAN00203,,2025-11-28,2026-01-01,placed
CAN00204,,2026-02-15,2026-03-14,placed
CAN00205,,2026-05-30,2026-07-04,ended
CAN00206,CA002,2025-12-29,2026-02-27,placed
CAN00207,CA011,2026-04-26,,searching
CAN00208,CA015,2026-05-13,,searching
CAN00209,,2025-06-23,,searching
CAN00210,CA018,2025-07-06,,searching
CAN00211,,2025-09-17,2025-11-22,ended
CAN00212,CA009,2026-07-01,2026-08-28,placed
CAN00213,,2025-08-23,2025-09-14,placed
CAN00214,CA005,2026-06-03,2026-07-09,ended
CAN00215,CA011,2026-07-27,2026-09-25,placed
CAN00216,CA014,2025-05-29,,searching
CAN00217,CA015,2025-03-31,,searching
CAN00218,CA010,2026-06-21,2026-07-07,placed
CAN00219,CA006,2026-03-15,2026-04-16,placed
CAN00220,,2026-08-01,,searching
CAN00221,,2025-09-26,,searching
CAN00222,,2026-05-08,,searching
CAN00223,CA006,2025-06-20,2025-08-03,placed
CAN00224,CA012,2025-12-05,,searching
CAN00225,CA015,2025-07-09,,searching
CAN00226,CA009,2025-11-13,2025-12-14,placed
CAN00227,CA007,2025-06-01,2025-07-12,placed
CAN00228,CA010,2025-08-21,,searching
CAN00229,CA017,2026-06-08,,searching
CAN00230,CA005,2025-10-26,,searching
CAN00231,CA016,2025-05-19,,searching
CAN00232,CA003,2025-11-11,2026-09-12,placed
CAN00233,CA001,2026-04-24,2026-05-18,placed
CAN00234,,2026-04-08,,searching
CAN00235,,2025-01-24,,searching
CAN00236,CA021,2025-07-31,,searching
CAN00237,CA012,2025-09-29,2025-10-29,placed
CAN00238,CA021,2026-02-03,,searching
CAN00239,CA018,2025-04-04,2025-04-18,placed
CAN00240,CA022,2026-07-05,,searching
CAN00241,CA017,2025-05-07,2025-05-29,ended
CAN00242,CA001,2026-06-16,,searching
CAN00243,,2026-06-28,,searching
CAN00244,,2025-05-31,,searching
CAN00245,CA010,2026-04-08,,searching
CAN00246,CA020,2025-06-26,2025-07-30,placed
CAN00247,CA005,2026-02-28,,searching
CAN00248,CA016,2026-04-01,2026-04-24,placed
CAN00249,CA008,2025-04-21,,searching
CAN00250,CA007,2026-02-08,,searching
CAN00251,CA003,2026-03-23,,searching
CAN00252,CA001,2026-09-26,,searching
CAN00253,CA012,2025-01-28,,searching
CAN00254,CA015,2026-05-16,2026-06-30,placed
CAN00255,,2026-03-24,,searching
CAN00256,,2025-04-28,,searching
CAN00257,,2025-08-30,,searching
CAN00258,CA008,2025-05-16,,searching
CAN00259,CA012,2025-11-25,,searching
CAN00260,CA006,2026-05-11,2026-05-26,ended
CAN00261,CA008,2026-07-02,,searching
CAN00262,CA006,2025-11-09,2025-11-26,placed
CAN00263,CA021,2026-02-06,2026-03-05,placed
CAN00264,CA014,2026-07-11,,searching
CAN00265,,2026-08-01,,searching
CAN00266,CA018,2026-04-18,2026-09-29,ended
CAN00267,,2026-09-16,,searching
CAN00268,,2026-02-02,2026-06-23,ended
CAN00269,,2025-12-06,2026-03-02,ended
CAN00270,CA021,2026-04-23,2026-06-21,ended
CAN00271,CA002,2025-06-30,2025-07-20,ended
CAN00272,,2026-02-04,2026-02-23,ended
CAN00273,CA016,2025-03-25,2025-07-17,ended
CAN00274,CA014,2025-08-09,,searching
CAN00275,CA018,2025-12-14,2026-01-02,placed
CAN00276,,2026-06-13,2026-07-14,ended
CAN00277,CA017,2026-07-09,,searching
CAN00278,CA009,2026-09-16,,searching
CAN00279,CA014,2026-07-16,,searching
CAN00280,,2025-01-18,,searching
CAN00281,,2025-09-29,2025-11-24,ended
CAN00282,CA020,2025-10-16,2026-04-09,ended
CAN00283,,2025-01-17,,searching
CAN00284,,2025-09-10,,searching
CAN00285,CA009,2025-02-17,2026-07-11,placed
CAN00286,CA004,2026-03-23,2026-06-15,placed
CAN00287,CA007,2025-08-26,,searching
CAN00288,CA009,2025-10-09,2026-05-12,placed
CAN00289,CA005,2026-05-30,2026-07-11,ended
CAN00290,CA013,2025-03-04,,searching
CAN00291,,2025-04-15,,searching
CAN00292,,2025-09-05,,searching
CAN00293,CA020,2026-04-08,2026-07-09,ended
CAN00294,CA020,2026-01-04,2026-05-07,ended
CAN00295,CA008,2025-09-10,,searching
CAN00296,CA011,2025-05-10,2025-06-24,ended
CAN00297,CA003,2025-09-22,,searching
CAN00298,CA010,2026-04-20,,searching
CAN00299,,2025-08-03,2026-01-12,ended
CAN00300,CA020,2025-10-24,,searching
CAN00301,CA019,2026-05-12,,searching
CAN00302,CA014,2025-04-02,,searching
CAN00303,CA007,2026-09-12,,searching
CAN00304,CA015,2026-02-18,,searching
CAN00305,CA008,2026-01-17,2026-02-02,ended
CAN00306,,2025-03-09,,searching
CAN00307,CA002,2026-04-29,2026-07-01,ended
CAN00308,CA001,2025-06-30,2025-11-07,ended
CAN00309,CA016,2026-05-03,,searching
CAN00310,,2025-03-24,,searching
CAN00311,CA019,2025-03-26,,searching
CAN00312,,2026-05-14,2026-08-31,ended
CAN00313,CA001,2025-02-02,,searching
CAN00314,CA019,2026-08-05,2026-09-06,placed
CAN00315,,2025-09-01,,searching
CAN00316,CA011,2025-08-06,,searching
CAN00317,CA005,2026-03-28,2026-04-24,ended
CAN00318,CA022,2026-08-07,2026-09-18,placed
CAN00319,CA007,2026-06-07,,searching
CAN00320,CA016,2025-02-03,,searching
CAN00321,,2026-03-30,2026-08-12,ended
CAN00322,CA010,2025-07-07,,searching
CAN00323,CA007,2026-03-03,,searching
CAN00324,,2025-11-09,2026-03-02,ended
CAN00325,CA002,2026-09-25,,searching
CAN00326,CA008,2025-06-23,,searching
CAN00327,,2026-04-04,,searching
CAN00328,CA001,2025-05-24,,searching
CAN00329,CA009,2025-08-13,,searching
CAN00330,CA003,2026-03-31,,searching
CAN00331,CA004,2026-08-18,2026-09-20,placed
CAN00332,CA004,2026-08-12,2026-09-06,ended
CAN00333,CA012,2025-08-03,2025-12-10,ended
CAN00334,CA015,2025-01-18,,searching
CAN00335,CA001,2025-10-03,2025-10-29,placed
CAN00336,,2026-08-23,,searching
CAN00337,CA018,2025-12-22,,searching
CAN00338,CA011,2026-08-28,2026-09-12,ended
CAN00339,,2026-06-17,,searching
CAN00340,,2025-07-28,,searching
CAN00341,,2025-11-15,,searching
CAN00342,,2026-06-29,,searching
CAN00343,CA017,2025-03-02,,searching
CAN00344,CA008,2025-05-09,,searching
CAN00345,CA015,2026-03-17,,searching
CAN00346,CA001,2025-07-10,2025-08-18,placed
CAN00347,CA014,2026-04-05,2026-05-08,placed
CAN00348,CA010,2025-12-15,2026-04-23,ended
CAN00349,CA007,2025-04-05,,searching
CAN00350,,2026-02-22,2026-04-22,ended
CAN00351,CA008,2025-10-02,,searching
CAN00352,CA007,2026-09-23,,searching
CAN00353,CA006,2025-11-18,2026-05-13,ended
CAN00354,CA003,2025-04-16,2025-05-04,placed
CAN00355,,2026-07-07,2026-09-16,ended
CAN00356,CA018,2026-05-13,,searching
CAN00357,,2025-05-24,2025-06-24,placed
CAN00358,,2026-02-09,,searching
CAN00359,CA010,2026-04-15,,searching
CAN00360,CA003,2025-08-11,2026-08-29,placed
CAN00361,CA003,2025-11-05,2025-11-30,ended
CAN00362,,2026-08-07,2026-09-10,placed
CAN00363,CA002,2025-11-03,,searching
CAN00364,,2026-02-20,2026-03-19,placed
CAN00365,CA018,2025-10-02,2026-04-28,placed
CAN00366,,2026-06-15,,searching
CAN00367,CA009,2025-07-10,,searching
CAN00368,CA022,2026-04-14,2026-06-26,ended
CAN00369,CA005,2025-06-01,,searching
CAN00370,CA013,2025-06-26,,searching
CAN00371,CA013,2026-05-27,,searching
CAN00372,,2026-07-20,,searching
CAN00373,CA001,2026-02-21,,searching
CAN00374,CA018,2025-02-17,,searching
CAN00375,CA015,2026-03-17,2026-04-13,placed
CAN00376,,2026-08-13,,searching
CAN00377,CA013,2026-01-19,2026-04-06,ended
CAN00378,,2025-07-10,,searching
CAN00379,CA006,2026-05-11,,searching
CAN00380,CA008,2025-11-12,2025-12-06,placed
CAN00381,,2026-08-06,,searching
CAN00382,CA011,2026-02-11,,searching
CAN00383,CA019,2026-04-07,2026-06-15,ended
CAN00384,CA003,2025-12-24,2026-04-12,ended
CAN00385,CA021,2025-01-28,,searching
CAN00386,CA022,2026-07-30,2026-09-27,ended
CAN00387,,2025-07-18,,searching
CAN00388,CA011,2025-07-22,,searching
CAN00389,CA019,2026-08-24,2026-09-29,ended
CAN00390,CA020,2025-10-02,2026-02-03,ended
CAN00391,CA014,2025-07-25,,searching
CAN00392,CA003,2025-12-28,,searching
CAN00393,CA018,2026-03-10,,searching
CAN00394,CA013,2026-07-29,,searching
CAN00395,CA013,2026-05-13,,searching
CAN00396,,2026-04-09,,searching
CAN00397,CA018,2025-01-29,2025-07-20,ended
CAN00398,CA014,2026-09-17,,searching
CAN00399,CA004,2025-05-17,2025-06-02,ended
CAN00400,CA017,2025-02-22,,searching
CAN00401,CA011,2025-01-16,,searching
CAN00402,CA019,2025-08-11,,searching
CAN00403,CA004,2025-05-12,2025-08-08,ended
CAN00404,CA007,2026-01-30,2026-08-16,placed
CAN00405,CA012,2025-06-04,2025-06-21,placed
CAN00406,CA006,2025-11-21,2025-12-17,placed
CAN00407,CA014,2026-08-15,2026-09-16,placed
CAN00408,CA015,2026-07-22,,searching
CAN00409,CA016,2026-03-19,2026-04-19,placed
CAN00410,,2026-01-04,,searching
CAN00411,,2025-09-12,2025-09-27,placed
CAN00412,CA012,2025-04-01,2025-04-17,placed
CAN00413,CA004,2026-08-09,2026-09-19,ended
CAN00414,,2025-12-29,2026-01-22,placed
CAN00415,CA002,2026-01-12,,searching
CAN00416,CA010,2025-07-19,,searching
CAN00417,,2026-08-07,,searching
CAN00418,CA014,2025-01-14,2025-06-07,ended
CAN00419,CA008,2026-02-23,2026-04-27,ended
CAN00420,CA020,2025-12-13,2026-03-31,ended
CAN00421,,2025-01-26,,searching
CAN00422,CA010,2025-07-21,2025-09-23,placed
CAN00423,CA002,2025-01-20,,searching
CAN00424,CA018,2026-02-10,2026-07-27,ended
CAN00425,CA017,2025-01-10,,searching
CAN00426,,2025-10-10,2025-11-25,ended
CAN00427,,2025-04-28,2025-10-09,ended
CAN00428,CA004,2025-09-11,2025-11-02,ended
CAN00429,CA002,2026-07-14,2026-08-22,placed
CAN00430,CA013,2026-03-09,,searching
CAN00431,CA014,2025-02-14,2025-05-29,ended
CAN00432,CA010,2026-09-06,,searching
CAN00433,,2026-08-08,,searching
CAN00434,,2025-08-26,2025-10-15,placed
CAN00435,,2025-12-18,2026-02-13,placed
CAN00436,CA004,2025-09-11,2026-01-24,ended
CAN00437,,2026-01-27,2026-03-11,ended
CAN00438,CA020,2026-02-12,,searching
CAN00439,CA012,2025-07-29,2025-08-14,placed
CAN00440,,2026-07-04,2026-08-16,placed
CAN00441,CA009,2025-12-22,,searching
CAN00442,,2026-04-06,2026-07-09,ended
CAN00443,CA002,2025-12-19,,searching
CAN00444,CA014,2026-07-10,,searching
CAN00445,CA010,2025-08-16,,searching
CAN00446,,2025-03-04,2025-06-04,ended
CAN00447,,2025-11-02,2026-01-12,ended
CAN00448,CA004,2026-06-09,,searching
CAN00449,CA016,2025-09-24,,searching
CAN00450,,2026-09-06,,searching
CAN00451,,2025-10-08,2026-06-14,placed
CAN00452,CA017,2025-04-08,2025-10-03,ended
CAN00453,CA020,2025-11-25,,searching
CAN00454,CA001,2026-04-27,,searching
CAN00455,CA015,2025-04-12,2025-07-28,ended
CAN00456,CA019,2026-01-16,,searching
CAN00457,CA007,2026-08-18,2026-09-20,placed
CAN00458,,2026-03-08,2026-04-06,placed
CAN00459,,2026-04-29,,searching
CAN00460,CA011,2026-02-07,,searching
CAN00461,CA008,2026-08-16,2026-09-07,ended
CAN00462,,2026-07-14,,searching
CAN00463,CA011,2026-01-06,,searching
CAN00464,CA005,2026-05-28,,searching
CAN00465,CA013,2025-05-18,,searching
CAN00466,CA006,2026-07-15,,searching
CAN00467,CA007,2026-06-22,2026-07-23,placed
CAN00468,,2026-03-27,,searching
CAN00469,CA017,2025-09-26,2025-12-09,ended
CAN00470,CA020,2026-02-06,,searching
CAN00471,,2026-02-07,,searching
CAN00472,,2026-09-04,2026-09-19,ended
CAN00473,CA019,2025-12-29,,searching
CAN00474,,2026-01-18,,searching
CAN00475,CA001,2026-07-17,2026-08-16,placed
CAN00476,CA010,2025-06-03,2025-09-09,ended
CAN00477,CA007,2025-10-02,2026-03-05,ended
CAN00478,,2025-12-25,2026-02-02,ended
CAN00479,CA012,2025-08-02,,searching
CAN00480,CA011,2026-05-16,,searching
CAN00481,CA005,2025-10-04,,searching
CAN00482,CA006,2026-06-11,,searching
CAN00483,,2026-07-22,2026-08-21,placed
CAN00484,CA010,2025-11-14,2026-01-31,ended
CAN00485,CA018,2025-04-23,2025-05-09,placed
CAN00486,CA014,2026-07-17,2026-08-12,placed
CAN00487,CA013,2025-08-24,2026-01-13,ended
CAN00488,CA007,2026-07-02,,searching
CAN00489,,2025-08-08,,searching
CAN00490,CA004,2025-02-23,2026-03-25,placed
CAN00491,CA020,2026-07-07,,searching
CAN00492,CA001,2025-08-14,2025-09-17,placed
CAN00493,,2025-01-24,,searching
CAN00494,CA013,2025-06-18,,searching
CAN00495,,2026-05-02,2026-09-27,ended
CAN00496,CA018,2026-01-31,,searching
CAN00497,CA019,2026-04-25,,searching
CAN00498,,2025-04-14,2025-05-02,placed
CAN00499,CA015,2025-11-23,,searching
CAN00500,CA006,2026-08-16,,searching
CAN00501,CA017,2025-04-06,,searching
CAN00502,CA006,2026-01-24,,searching
CAN00503,,2025-01-28,,searching
CAN00504,CA006,2025-09-07,,searching
CAN00505,,2026-04-13,2026-06-30,ended
CAN00506,CA014,2026-01-10,2026-04-11,ended
CAN00507,CA016,2025-10-07,,searching
CAN00508,CA012,2026-07-22,,searching
CAN00509,CA010,2026-08-13,,searching
CAN00510,CA016,2025-02-19,2025-06-06,ended
CAN00511,CA010,2026-02-18,,searching
CAN00512,CA003,2026-05-08,,searching
CAN00513,CA012,2025-01-09,,searching
CAN00514,CA007,2026-02-01,2026-02-26,placed
CAN00515,CA007,2025-08-18,,searching
CAN00516,,2026-03-07,,searching
CAN00517,CA003,2025-03-13,,searching
CAN00518,CA021,2025-04-27,,searching
CAN00519,,2026-08-17,,searching
CAN00520,CA012,2025-07-31,,searching
CAN00521,,2026-08-14,,searching
CAN00522,CA015,2025-09-10,2025-10-02,placed
CAN00523,,2025-11-20,2026-03-13,ended
CAN00524,,2026-05-02,,searching
CAN00525,CA004,2025-06-27,,searching
CAN00526,CA010,2025-11-04,,searching
CAN00527,,2026-09-08,,searching
CAN00528,CA001,2026-05-27,2026-08-11,ended
CAN00529,CA015,2025-08-04,,searching
CAN00530,CA015,2025-07-08,,searching
CAN00531,CA015,2025-09-11,,searching
CAN00532,CA017,2026-03-29,2026-07-15,ended
CAN00533,CA021,2026-09-15,,searching
CAN00534,,2025-02-07,,searching
CAN00535,CA014,2026-02-24,2026-04-16,ended
CAN00536,CA012,2026-09-09,,searching
CAN00537,CA019,2025-05-25,2025-09-24,ended
CAN00538,,2026-09-03,,searching
CAN00539,CA016,2026-09-24,,searching
CAN00540,CA015,2025-03-05,,searching
CAN00541,CA021,2025-04-28,2025-08-29,ended
CAN00542,CA013,2025-06-23,,searching
CAN00543,CA008,2026-09-11,,searching
CAN00544,CA005,2026-07-31,,searching
CAN00545,CA009,2025-03-08,2025-04-12,ended
CAN00546,,2026-07-26,,searching
CAN00547,CA019,2026-04-07,2026-08-15,ended
CAN00548,CA005,2025-08-09,2025-08-27,placed
CAN00549,CA022,2026-06-02,,searching
CAN00550,CA013,2025-09-17,,searching
CAN00551,CA007,2025-09-24,2025-10-31,ended
CAN00552,CA013,2026-06-27,,searching
CAN00553,CA014,2025-08-05,2025-09-23,ended
CAN00554,CA006,2025-10-26,,searching
CAN00555,,2026-07-24,2026-08-23,placed
CAN00556,CA013,2026-09-20,,searching
CAN00557,,2026-02-22,,searching
CAN00558,CA015,2025-03-24,2025-06-10,placed
CAN00559,CA013,2026-02-25,2026-07-07,ended
CAN00560,CA008,2026-08-11,,searching
CAN00561,CA004,2025-08-24,2025-09-13,placed
CAN00562,CA019,2026-08-10,,searching
CAN00563,CA011,2026-08-27,,searching
CAN00564,CA009,2026-04-24,,searching
CAN00565,CA016,2026-09-07,2026-09-22,ended
CAN00566,CA001,2025-11-28,2026-06-28,placed
CAN00567,,2025-09-27,2025-12-13,ended
CAN00568,,2025-04-14,,searching
CAN00569,CA015,2026-01-14,,searching
CAN00570,,2025-01-29,,searching
CAN00571,,2026-09-15,,searching
CAN00572,CA010,2025-02-03,,searching
CAN00573,CA011,2026-03-20,,searching
CAN00574,CA004,2026-06-09,,searching
CAN00575,CA008,2025-11-08,2025-12-04,placed
CAN00576,,2025-05-29,,searching
CAN00577,CA012,2026-05-13,,searching
CAN00578,,2025-07-30,2025-11-11,ended
CAN00579,CA008,2025-03-23,2025-07-24,ended
CAN00580,CA013,2025-07-03,,searching
CAN00581,,2025-11-07,,searching
CAN00582,CA007,2026-08-04,2026-09-10,ended
CAN00583,,2025-04-14,2025-05-03,placed
CAN00584,,2025-06-14,2025-07-26,ended
CAN00585,CA011,2026-05-29,2026-06-26,ended
CAN00586,CA002,2026-09-08,,searching
CAN00587,CA002,2025-10-05,2025-11-16,ended
CAN00588,CA014,2025-11-29,2026-01-30,ended
CAN00589,CA007,2025-01-18,,searching
CAN00590,CA020,2026-02-01,2026-03-24,placed
CAN00591,CA015,2025-05-12,,searching
CAN00592,CA014,2026-07-15,,searching
CAN00593,CA006,2026-09-25,,searching
CAN00594,CA007,2025-06-28,2025-07-18,placed
CAN00595,CA005,2026-05-02,,searching
CAN00596,,2025-01-08,,searching
CAN00597,,2026-03-04,,searching
CAN00598,,2025-06-17,,searching
CAN00599,CA018,2025-04-03,2025-07-21,ended
CAN00600,CA017,2025-09-03,,searching
CAN00601,CA006,2025-10-19,2025-11-30,ended
CAN00602,,2025-04-25,2025-06-09,placed
CAN00603,CA008,2025-02-02,2025-06-14,ended
CAN00604,CA017,2025-03-01,,searching
CAN00605,CA001,2025-07-04,,searching
CAN00606,,2026-07-03,,searching
CAN00607,,2026-02-14,2026-04-21,ended
CAN00608,CA003,2025-05-30,,searching
CAN00609,CA015,2025-11-02,2026-09-09,placed
CAN00610,,2025-10-17,2025-11-22,placed
CAN00611,,2025-02-03,,searching
CAN00612,CA022,2026-07-18,,searching
CAN00613,CA020,2026-07-04,,searching
CAN00614,CA018,2025-06-02,2025-09-08,ended
CAN00615,CA021,2025-04-15,2025-05-03,placed
CAN00616,,2025-06-03,,searching
CAN00617,CA004,2025-12-05,,searching
CAN00618,CA001,2025-09-19,2026-05-24,placed
CAN00619,CA014,2025-07-07,,searching
CAN00620,,2025-10-18,2026-07-30,placed
CAN00621,,2025-06-03,2025-06-30,placed
CAN00622,,2026-05-29,,searching
CAN00623,CA009,2025-10-27,,searching
CAN00624,CA003,2026-07-07,,searching
CAN00625,CA015,2026-03-06,2026-07-15,ended
CAN00626,CA013,2025-07-05,,searching
CAN00627,CA018,2025-07-01,2025-10-05,placed
CAN00628,CA016,2025-02-08,2025-02-27,ended
CAN00629,CA010,2025-12-06,2026-01-12,ended
CAN00630,CA004,2025-01-07,,searching
CAN00631,CA009,2026-04-14,,searching
CAN00632,CA010,2026-01-04,,searching
CAN00633,CA016,2026-09-29,,searching
CAN00634,,2025-08-10,2026-01-29,ended
CAN00635,CA019,2025-05-18,,searching
CAN00636,,2026-04-17,,searching
CAN00637,,2026-04-19,,searching
CAN00638,CA020,2025-08-28,2025-09-27,placed
CAN00639,,2025-04-15,2025-09-06,placed
CAN00640,CA003,2025-03-03,,searching
CAN00641,CA001,2026-06-06,,searching
CAN00642,CA002,2025-09-09,,searching
CAN00643,,2026-04-02,,searching
CAN00644,,2026-08-08,2026-09-04,ended
CAN00645,CA016,2026-08-05,,searching
CAN00646,,2026-04-22,,searching
CAN00647,CA011,2026-01-06,2026-02-05,placed
CAN00648,CA003,2026-03-30,,searching
CAN00649,CA006,2025-10-02,,searching
CAN00650,CA014,2026-01-26,2026-03-07,placed
CAN00651,CA002,2025-03-02,,searching
CAN00652,CA016,2026-04-19,2026-05-19,placed
CAN00653,,2025-04-08,2025-07-12,ended
CAN00654,CA011,2026-03-30,,searching
CAN00655,CA021,2026-07-05,,searching
CAN00656,CA021,2025-10-27,,searching
CAN00657,CA002,2025-05-29,,searching
CAN00658,,2025-03-10,2025-04-04,ended
CAN00659,CA012,2025-02-15,,searching
CAN00660,CA002,2026-02-14,,searching
CAN00661,CA002,2025-07-04,,searching
CAN00662,,2026-08-31,,searching
CAN00663,,2026-06-14,,searching
CAN00664,CA013,2025-08-29,2025-11-18,ended
CAN00665,CA006,2025-09-07,2025-12-10,ended
CAN00666,CA006,2025-07-03,,searching
CAN00667,CA020,2026-06-11,2026-07-11,placed
CAN00668,,2026-05-17,,searching
CAN00669,CA004,2026-06-12,,searching
CAN00670,CA019,2025-09-14,2026-01-18,ended
CAN00671,CA012,2025-06-24,2025-08-02,placed
CAN00672,CA005,2026-02-04,,searching
CAN00673,CA020,2026-03-16,,searching
CAN00674,CA019,2025-10-15,,searching
CAN00675,CA019,2025-12-10,,searching
CAN00676,CA013,2026-09-18,,searching
CAN00677,CA008,2026-01-22,,searching
CAN00678,,2025-08-14,2025-11-24,ended
CAN00679,CA016,2026-05-02,,searching
CAN00680,,2026-02-12,,searching
CAN00681,CA003,2026-01-17,2026-04-16,ended
CAN00682,CA012,2025-04-26,2025-08-29,ended
CAN00683,,2025-12-18,,searching
CAN00684,CA019,2025-04-21,,searching
CAN00685,,2025-04-05,,searching
CAN00686,,2026-02-19,,searching
CAN00687,CA002,2026-09-01,,searching
CAN00688,CA012,2026-09-21,,searching
CAN00689,,2026-05-26,,searching
CAN00690,CA009,2026-06-02,2026-07-07,placed
CAN00691,CA018,2026-07-08,2026-08-10,placed
CAN00692,CA012,2026-09-20,,searching
CAN00693,CA010,2026-02-02,,searching
CAN00694,,2026-04-19,2026-08-19,ended
CAN00695,CA008,2025-08-02,2025-11-07,ended
CAN00696,CA009,2026-02-04,,searching
CAN00697,,2025-03-22,2025-04-19,ended
CAN00698,CA018,2026-01-14,,searching
CAN00699,CA022,2026-07-28,,searching
CAN00700,CA012,2025-03-05,,searching
CAN00701,CA001,2026-03-14,,searching
CAN00702,CA004,2025-05-24,,searching
CAN00703,CA020,2026-04-04,,searching
CAN00704,,2026-09-21,,searching
CAN00705,CA014,2025-02-22,,searching
CAN00706,,2026-04-01,,searching
CAN00707,,2026-06-20,2026-09-11,ended
CAN00708,CA010,2025-11-01,2025-11-18,ended
CAN00709,CA017,2026-05-25,,searching
CAN00710,CA014,2026-06-23,2026-07-13,ended
CAN00711,CA011,2025-12-15,2026-02-18,ended
CAN00712,CA008,2025-10-14,2025-11-05,placed
CAN00713,,2025-04-17,2025-05-01,placed
CAN00714,CA007,2026-04-13,2026-05-19,placed
CAN00715,,2025-09-14,2025-09-30,placed
CAN00716,,2026-03-29,,searching
CAN00717,,2026-05-18,,searching
CAN00718,CA005,2025-07-25,,searching
CAN00719,CA009,2026-08-31,2026-09-14,ended
CAN00720,,2025-10-05,2025-11-26,ended
CAN00721,,2026-04-22,,searching
CAN00722,CA010,2026-05-28,,searching
CAN00723,CA015,2026-04-19,,searching
CAN00724,CA010,2025-07-24,2025-08-24,placed
CAN00725,,2026-09-09,2026-09-27,ended
CAN00726,,2025-04-22,2025-05-26,placed
CAN00727,CA002,2025-07-29,2025-08-12,placed
CAN00728,,2025-07-17,2025-10-27,ended
CAN00729,CA017,2025-04-16,,searching
CAN00730,CA020,2025-07-16,2025-09-09,placed
CAN00731,CA011,2026-04-05,2026-09-25,ended
CAN00732,CA001,2026-09-30,,searching
CAN00733,CA015,2025-01-20,2025-05-31,ended
CAN00734,CA008,2025-10-19,,searching
CAN00735,,2025-08-28,2025-10-05,placed
CAN00736,CA005,2026-01-14,,searching
CAN00737,CA006,2026-01-14,2026-04-18,ended
CAN00738,CA012,2026-03-27,2026-07-27,ended
CAN00739,,2026-01-05,,searching
CAN00740,,2026-05-17,2026-07-05,placed
CAN00741,,2026-03-16,,searching
CAN00742,,2025-09-19,,searching
CAN00743,,2026-02-25,2026-04-10,ended
CAN00744,,2026-03-25,,searching
CAN00745,,2025-07-27,,searching
CAN00746,CA004,2026-09-30,,searching
CAN00747,,2025-06-09,,searching
CAN00748,,2025-02-10,,searching
CAN00749,,2026-04-05,2026-05-01,ended
CAN00750,,2025-05-20,,searching
CAN00751,CA009,2026-01-13,2026-07-11,ended
CAN00752,,2025-03-24,2025-09-17,placed
CAN00753,,2025-12-25,,searching
CAN00754,,2025-05-15,,searching
CAN00755,,2025-12-03,2026-04-20,ended
CAN00756,CA006,2026-08-28,,searching
CAN00757,CA010,2026-09-04,,searching
CAN00758,CA006,2025-02-27,,searching
CAN00759,CA008,2025-11-08,,searching
CAN00760,CA001,2025-09-20,,searching
CAN00761,CA010,2026-03-28,,searching
CAN00762,CA006,2025-08-12,,searching
CAN00763,CA016,2025-01-30,2025-08-02,placed
CAN00764,CA015,2025-03-14,2025-06-03,ended
CAN00765,CA019,2025-12-25,,searching
CAN00766,,2025-12-05,,searching
CAN00767,CA011,2026-04-06,,searching
CAN00768,,2026-02-17,,searching
CAN00769,CA015,2026-07-03,2026-08-02,ended
CAN00770,,2026-08-09,2026-09-10,placed
CAN00771,,2026-05-21,,searching
CAN00772,CA006,2026-03-06,,searching
CAN00773,CA007,2026-06-08,2026-08-02,placed
CAN00774,CA007,2025-03-29,2025-07-08,placed
CAN00775,CA002,2026-05-28,,searching
CAN00776,CA020,2026-07-21,,searching
CAN00777,CA009,2025-04-28,2025-10-10,ended
CAN00778,CA008,2026-07-08,,searching
CAN00779,CA020,2026-04-04,,searching
CAN00780,CA001,2025-09-11,2026-02-09,placed
CAN00781,CA020,2026-08-11,2026-09-23,ended
CAN00782,CA013,2025-10-29,,searching
CAN00783,CA016,2025-05-02,,searching
CAN00784,CA011,2025-01-23,,searching
CAN00785,CA008,2026-07-19,2026-08-22,ended
CAN00786,CA014,2025-07-12,,searching
CAN00787,,2025-03-03,2025-05-13,placed
CAN00788,CA009,2025-03-31,,searching
CAN00789,,2025-06-15,,searching
CAN00790,CA022,2026-07-01,,searching
CAN00791,CA014,2025-06-21,,searching
CAN00792,CA019,2025-08-11,,searching
CAN00793,,2025-11-23,2026-01-06,ended
CAN00794,,2025-09-23,2026-03-04,ended
CAN00795,,2025-08-27,,searching
CAN00796,CA021,2026-05-26,,searching
CAN00797,CA016,2026-05-18,2026-08-02,ended
CAN00798,CA021,2025-11-25,2026-04-30,ended
CAN00799,,2025-07-18,2025-08-20,placed
CAN00800,CA020,2025-12-07,,searching
CAN00801,CA010,2025-09-28,2025-11-08,ended
CAN00802,CA010,2025-11-22,2026-04-17,ended
CAN00803,CA001,2025-11-14,2025-12-29,ended
CAN00804,CA019,2025-06-03,,searching
CAN00805,CA019,2026-04-27,,searching
CAN00806,CA004,2026-03-03,,searching
CAN00807,CA011,2026-08-24,,searching
CAN00808,,2026-01-09,2026-02-09,placed
CAN00809,CA009,2026-04-08,2026-05-18,ended
CAN00810,CA009,2025-10-03,,searching
CAN00811,CA005,2025-09-24,,searching
CAN00812,,2025-01-21,,searching
CAN00813,,2026-02-11,,searching
CAN00814,CA011,2026-09-29,,searching
CAN00815,,2026-07-22,,searching
CAN00816,,2025-08-04,,searching
CAN00817,CA005,2025-06-29,2025-09-20,ended
CAN00818,CA021,2026-04-21,2026-09-20,ended
CAN00819,CA016,2026-05-11,,searching
CAN00820,CA003,2025-09-10,,searching
CAN00821,CA011,2025-09-17,,searching
CAN00822,CA003,2025-02-22,,searching
CAN00823,CA011,2025-04-01,2025-04-28,placed
CAN00824,CA010,2026-01-06,,searching
CAN00825,,2025-06-20,,searching
CAN00826,CA017,2025-10-08,2025-11-06,placed
CAN00827,CA012,2025-11-27,,searching
CAN00828,CA009,2025-02-09,,searching
CAN00829,,2026-07-05,2026-09-07,ended
CAN00830,CA014,2026-04-13,,searching
CAN00831,CA016,2026-07-17,,searching
CAN00832,CA014,2026-05-05,2026-07-02,ended
CAN00833,CA012,2025-12-15,,searching
CAN00834,CA015,2025-03-15,,searching
CAN00835,,2026-07-22,2026-08-21,placed
CAN00836,CA006,2025-10-14,2025-11-03,placed
CAN00837,,2026-03-16,2026-04-24,placed
CAN00838,,2025-01-21,,searching
CAN00839,CA015,2025-12-20,,searching
CAN00840,CA010,2026-09-16,,searching
CAN00841,CA009,2025-12-27,,searching
CAN00842,,2025-07-12,2025-07-26,placed
CAN00843,CA018,2026-01-25,,searching
CAN00844,CA005,2025-08-01,2025-08-16,placed
CAN00845,CA001,2025-11-29,,searching
CAN00846,CA004,2026-09-08,,searching
CAN00847,CA018,2026-05-12,,searching
CAN00848,CA009,2025-04-04,2025-04-24,placed
CAN00849,CA021,2026-04-05,,searching
CAN00850,,2025-01-12,2025-05-25,ended
CAN00851,CA013,2026-06-27,2026-08-18,ended
CAN00852,CA020,2025-05-31,2025-06-28,placed
CAN00853,CA004,2026-09-16,,searching
CAN00854,CA016,2025-12-23,2026-04-03,ended
CAN00855,CA013,2026-07-10,,searching
CAN00856,,2025-11-06,,searching
CAN00857,CA016,2026-08-24,,searching
CAN00858,,2025-02-15,2025-06-20,ended
CAN00859,CA001,2026-08-17,2026-09-16,ended
CAN00860,CA009,2025-08-15,2025-10-15,ended
CAN00861,CA007,2026-05-06,,searching
CAN00862,CA015,2026-06-12,,searching
CAN00863,,2026-01-27,,searching
CAN00864,CA006,2025-04-27,,searching
CAN00865,,2025-07-17,2025-08-16,ended
CAN00866,CA005,2025-04-05,,searching
CAN00867,CA002,2025-11-16,,searching
CAN00868,CA009,2026-01-09,,searching
CAN00869,CA020,2025-07-16,2025-08-31,placed
CAN00870,CA018,2025-11-06,2025-12-02,placed
CAN00871,CA005,2025-11-06,2025-12-06,placed
CAN00872,CA019,2026-02-25,,searching
CAN00873,,2025-11-11,2026-05-04,ended
CAN00874,,2026-08-04,,searching
CAN00875,CA003,2026-08-03,2026-09-16,ended
CAN00876,CA007,2026-08-11,,searching
CAN00877,CA006,2025-07-31,,searching
CAN00878,CA011,2026-03-14,,searching
CAN00879,CA021,2025-05-03,2025-06-09,ended
CAN00880,CA014,2026-05-17,,searching
CAN00881,CA015,2025-02-06,2025-06-20,placed
CAN00882,CA013,2025-12-16,,searching
CAN00883,CA001,2026-05-14,2026-06-14,placed
CAN00884,CA003,2026-03-12,,searching
CAN00885,,2026-07-15,2026-08-28,ended
CAN00886,CA019,2026-05-31,,searching
CAN00887,CA015,2025-05-11,,searching
CAN00888,CA003,2026-08-03,,searching
CAN00889,CA020,2026-03-06,,searching
CAN00890,CA012,2026-03-27,2026-04-26,placed
CAN00891,CA009,2025-06-06,2025-12-24,placed
CAN00892,CA021,2025-10-06,,searching
CAN00893,CA001,2025-03-06,2025-06-19,ended
CAN00894,CA012,2025-06-08,,searching
CAN00895,CA002,2026-02-27,,searching
CAN00896,,2025-06-30,,searching
CAN00897,CA020,2025-12-06,2026-01-10,placed
CAN00898,,2026-01-22,,searching
CAN00899,CA017,2026-09-20,,searching
CAN00900,CA002,2026-02-18,,searching
CAN00901,,2025-07-13,2026-04-05,placed
CAN00902,CA011,2025-08-17,2025-11-02,ended
CAN00903,,2026-06-23,,searching
CAN00904,CA011,2026-09-23,,searching
CAN00905,,2026-07-11,,searching
CAN00906,CA015,2025-05-09,2025-05-23,placed
CAN00907,,2026-06-15,2026-08-10,ended
CAN00908,CA010,2026-06-06,2026-07-20,ended
CAN00909,CA015,2025-04-25,2025-09-09,ended
CAN00910,,2026-02-13,,searching
CAN00911,CA018,2025-10-19,2025-11-21,placed
CAN00912,CA009,2026-09-28,,searching
CAN00913,CA003,2026-09-20,,searching
CAN00914,CA010,2026-09-01,,searching
CAN00915,CA004,2025-09-18,,searching
CAN00916,,2025-09-12,,searching
CAN00917,,2026-06-04,,searching
CAN00918,CA004,2025-11-10,,searching
CAN00919,CA017,2026-07-03,2026-08-08,placed
CAN00920,CA004,2025-11-23,2026-02-17,ended
CAN00921,CA007,2026-02-06,,searching
CAN00922,CA013,2026-04-11,2026-08-12,ended
CAN00923,CA007,2025-07-21,,searching
CAN00924,,2025-12-29,,searching
CAN00925,CA007,2026-08-02,2026-09-18,ended
CAN00926,CA017,2025-08-10,2026-01-19,ended
CAN00927,CA017,2025-02-10,,searching
CAN00928,CA019,2025-08-11,,searching
CAN00929,,2025-05-22,2025-06-10,placed
CAN00930,CA001,2026-02-12,2026-05-01,ended
CAN00931,,2025-12-17,2026-01-12,placed
CAN00932,CA020,2026-03-17,,searching
CAN00933,CA009,2025-07-02,,searching
CAN00934,,2026-04-11,,searching
CAN00935,,2025-04-01,,searching
CAN00936,CA009,2026-01-20,,searching
CAN00937,CA009,2026-08-02,,searching
CAN00938,CA001,2026-08-02,,searching
CAN00939,CA009,2025-05-03,2025-05-20,placed
CAN00940,CA010,2026-08-11,,searching
CAN00941,CA015,2026-05-02,2026-05-16,ended
CAN00942,CA014,2025-09-14,,searching
CAN00943,CA009,2025-09-09,2025-11-14,ended
CAN00944,CA006,2026-02-01,,searching
CAN00945,,2026-05-13,2026-07-07,placed
CAN00946,,2025-08-17,,searching
CAN00947,CA008,2025-06-08,2025-08-10,ended
CAN00948,,2026-01-19,2026-07-07,ended
CAN00949,CA019,2025-02-19,,searching
CAN00950,,2025-05-22,,searching
CAN00951,CA017,2026-01-31,2026-06-21,placed
CAN00952,CA002,2025-03-06,,searching
CAN00953,,2025-06-13,2025-07-17,placed
CAN00954,CA021,2026-06-22,,searching
CAN00955,CA004,2026-08-04,2026-09-16,ended
CAN00956,CA002,2025-09-21,2025-11-08,ended
CAN00957,,2025-12-20,,searching
CAN00958,CA004,2025-07-08,,searching
CAN00959,CA005,2025-10-24,,searching
CAN00960,CA010,2026-04-02,,searching
CAN00961,CA004,2025-05-03,2025-05-18,placed
CAN00962,CA021,2025-10-06,,searching
CAN00963,CA001,2026-01-10,,searching
CAN00964,CA020,2026-06-25,2026-07-27,ended
CAN00965,CA016,2026-03-06,,searching
CAN00966,,2026-05-31,,searching
CAN00967,CA017,2025-12-13,,searching
CAN00968,CA014,2026-09-15,2026-09-29,ended
CAN00969,,2026-09-20,,searching
CAN00970,,2025-12-05,2026-01-06,placed
CAN00971,,2026-05-15,,searching
CAN00972,,2025-12-10,,searching
CAN00973,CA004,2025-09-01,2025-09-22,placed
CAN00974,,2025-10-06,2025-11-13,placed
CAN00975,CA002,2026-01-21,,searching
CAN00976,,2025-10-16,,searching
CAN00977,,2026-07-30,2026-09-03,ended
CAN00978,CA007,2025-05-09,,searching
CAN00979,,2025-10-14,2025-11-27,placed
CAN00980,,2026-06-24,2026-07-29,placed
CAN00981,CA005,2025-08-15,2025-09-13,ended
CAN00982,CA013,2026-04-16,2026-07-01,ended
CAN00983,CA003,2025-12-22,,searching
CAN00984,,2026-03-20,,searching
CAN00985,CA013,2025-09-29,2025-11-08,ended
CAN00986,CA006,2025-09-30,2025-10-20,placed
CAN00987,CA011,2025-07-03,,searching
CAN00988,CA004,2025-05-26,,searching
CAN00989,CA019,2026-06-18,2026-08-20,placed
CAN00990,,2026-05-15,2026-07-10,placed
CAN00991,CA008,2025-06-10,,searching
CAN00992,,2026-06-12,2026-07-17,placed
CAN00993,CA019,2025-08-18,,searching
CAN00994,,2026-05-25,,searching
CAN00995,,2025-12-09,,searching
CAN00996,CA018,2025-01-01,2025-01-18,ended
CAN00997,CA018,2025-07-19,,searching
CAN00998,CA002,2026-04-21,,searching
CAN00999,,2026-06-10,,searching
CAN01000,,2026-02-02,2026-07-23,ended
CAN01001,CA001,2025-08-04,2025-09-07,placed
CAN01002,CA021,2026-02-24,,searching
CAN01003,,2025-11-01,,searching
CAN01004,CA003,2026-09-27,,searching
CAN01005,,2025-06-03,,searching
CAN01006,CA020,2026-07-08,2026-08-23,ended
CAN01007,CA018,2025-01-14,2025-12-17,placed
CAN01008,,2025-05-22,2025-06-08,placed
CAN01009,,2026-06-20,,searching
CAN01010,,2026-06-16,2026-07-18,placed
CAN01011,CA020,2025-03-10,,searching
CAN01012,CA016,2025-10-21,2026-04-19,ended
CAN01013,CA011,2026-06-12,,searching
CAN01014,CA010,2025-08-23,2025-10-01,placed
CAN01015,CA012,2026-05-13,,searching
CAN01016,CA004,2025-08-07,2025-08-25,placed
CAN01017,CA019,2025-01-23,,searching
CAN01018,CA008,2026-04-24,,searching
CAN01019,CA012,2026-09-04,2026-09-28,ended
CAN01020,CA012,2026-09-05,,searching
CAN01021,CA012,2026-04-07,2026-06-03,ended
CAN01022,CA008,2025-11-02,,searching
CAN01023,,2025-06-14,2025-07-01,placed
CAN01024,CA016,2025-05-24,2025-10-15,ended
CAN01025,CA006,2026-03-19,,searching
CAN01026,,2025-08-18,,searching
CAN01027,CA015,2026-07-29,,searching
CAN01028,CA014,2026-08-02,,searching
CAN01029,CA012,2026-03-08,2026-08-28,ended
CAN01030,CA001,2026-05-09,,searching
CAN01031,CA004,2026-07-20,,searching
CAN01032,CA013,2025-05-11,2025-05-29,placed
CAN01033,CA003,2025-05-18,,searching
CAN01034,,2026-04-29,2026-06-01,placed
CAN01035,CA009,2026-08-04,2026-09-23,placed
CAN01036,CA018,2026-03-25,,searching
CAN01037,CA007,2025-12-11,,searching
CAN01038,CA020,2026-08-05,2026-09-25,ended
CAN01039,CA006,2025-10-15,,searching
CAN01040,,2025-05-18,2025-06-11,placed
CAN01041,CA022,2026-05-18,,searching
CAN01042,CA012,2026-05-11,,searching
CAN01043,,2025-09-21,2025-10-10,placed
CAN01044,CA008,2025-01-19,,searching
CAN01045,CA004,2025-12-11,2026-04-15,ended
CAN01046,,2025-09-18,,searching
CAN01047,,2025-06-05,2025-06-22,placed
CAN01048,CA007,2026-08-29,,searching
CAN01049,CA011,2025-07-30,,searching
CAN01050,,2026-07-28,2026-08-23,ended
CAN01051,,2025-06-14,,searching
CAN01052,,2025-04-14,,searching
CAN01053,CA017,2026-04-19,2026-06-14,ended
CAN01054,CA019,2025-07-09,,searching
CAN01055,CA003,2026-05-27,2026-08-23,placed
CAN01056,CA008,2025-08-01,,searching
CAN01057,CA015,2025-11-07,2025-11-30,placed
CAN01058,CA001,2026-03-15,,searching
CAN01059,CA019,2025-04-04,,searching
CAN01060,CA008,2026-07-06,2026-07-29,ended
CAN01061,CA014,2026-05-25,2026-08-06,ended
CAN01062,CA020,2026-09-04,,searching
CAN01063,CA006,2026-09-09,2026-09-30,ended
CAN01064,,2025-01-17,2025-04-10,ended
CAN01065,,2026-04-13,,searching
CAN01066,CA021,2025-05-23,2025-06-25,placed
CAN01067,CA007,2025-06-17,2025-10-15,ended
CAN01068,CA011,2025-12-27,2026-01-22,placed
CAN01069,CA003,2026-09-01,2026-09-25,ended
CAN01070,CA009,2026-03-12,2026-04-13,placed
CAN01071,CA012,2025-04-30,2025-05-21,placed
CAN01072,,2025-06-09,2025-07-27,ended
CAN01073,CA010,2025-12-08,,searching
CAN01074,CA008,2025-12-22,2026-06-05,placed
CAN01075,,2025-12-08,,searching
CAN01076,,2025-10-17,,searching
CAN01077,CA006,2026-02-21,2026-08-20,ended
CAN01078,CA018,2025-10-28,2025-11-15,placed
CAN01079,CA016,2025-05-31,2025-07-11,placed
CAN01080,,2025-09-28,,searching
CAN01081,CA010,2026-04-18,2026-05-24,placed
CAN01082,,2025-07-27,,searching
CAN01083,CA002,2026-02-26,,searching
CAN01084,,2025-11-21,2026-03-28,ended
CAN01085,,2025-09-23,,searching
CAN01086,,2025-09-30,2025-10-15,placed
CAN01087,CA019,2025-12-03,2026-04-03,ended
CAN01088,CA009,2026-09-15,,searching
CAN01089,CA010,2025-02-06,2025-07-15,ended
CAN01090,CA007,2026-01-29,,searching
CAN01091,CA008,2025-07-11,2025-09-13,placed
CAN01092,,2025-07-22,,searching
CAN01093,,2026-02-26,,searching
CAN01094,CA007,2025-08-07,2025-08-26,placed
CAN01095,CA010,2025-04-22,,searching
CAN01096,CA003,2025-02-17,,searching
CAN01097,,2026-05-20,,searching
CAN01098,,2025-06-16,2025-07-04,placed
CAN01099,,2026-08-16,,searching
CAN01100,CA004,2025-11-04,,searching
CAN01101,CA014,2026-08-09,2026-09-23,placed
CAN01102,CA021,2025-01-11,,searching
CAN01103,CA004,2026-05-02,,searching
CAN01104,CA003,2025-12-06,2025-12-25,placed
CAN01105,CA008,2025-05-01,,searching
CAN01106,CA020,2025-09-09,2026-01-16,ended
CAN01107,,2025-12-24,2026-04-21,placed
CAN01108,CA003,2026-03-10,2026-04-04,placed
CAN01109,,2025-10-21,2026-01-12,ended
CAN01110,CA003,2026-02-04,2026-03-20,placed
CAN01111,CA004,2026-03-09,2026-07-15,ended
CAN01112,CA015,2026-06-03,,searching
CAN01113,,2025-10-26,,searching
CAN01114,CA007,2026-09-21,,searching
CAN01115,CA001,2025-05-31,2025-06-14,placed
CAN01116,CA003,2026-03-22,,searching
CAN01117,,2026-01-22,2026-02-17,ended
CAN01118,,2025-06-29,2025-07-20,ended
CAN01119,CA021,2025-04-24,2025-06-03,placed
CAN01120,,2025-07-09,2025-07-28,placed
CAN01121,,2025-11-01,,searching
CAN01122,CA009,2026-03-15,2026-06-08,ended
CAN01123,CA009,2026-06-13,2026-07-12,placed
CAN01124,CA017,2026-02-25,2026-07-18,ended
CAN01125,CA018,2025-05-11,,searching
CAN01126,CA010,2026-06-09,,searching
CAN01127,,2026-05-06,,searching
CAN01128,,2026-07-15,,searching
CAN01129,CA018,2025-05-08,,searching
CAN01130,CA008,2025-12-11,,searching
CAN01131,CA017,2026-07-05,,searching
CAN01132,CA017,2025-10-09,,searching
CAN01133,CA006,2026-06-11,2026-07-19,ended
CAN01134,,2026-07-24,,searching
CAN01135,CA019,2025-06-13,2025-07-07,placed
CAN01136,CA004,2025-10-29,2025-11-16,placed
CAN01137,CA013,2025-04-02,2025-04-23,placed
CAN01138,,2025-03-07,,searching
CAN01139,CA007,2025-03-12,,searching
CAN01140,,2025-06-16,2026-05-05,placed
CAN01141,CA006,2025-11-14,,searching
CAN01142,CA018,2025-08-17,,searching
CAN01143,CA014,2026-03-29,,searching
CAN01144,,2025-07-31,2025-08-14,placed
CAN01145,,2026-08-10,,searching
CAN01146,CA015,2025-10-16,,searching
CAN01147,CA016,2025-04-09,,searching
CAN01148,CA006,2026-09-07,,searching
CAN01149,CA021,2026-05-13,,searching
CAN01150,CA011,2026-06-01,,searching
CAN01151,CA013,2026-09-03,,searching
CAN01152,CA020,2025-12-10,2026-05-27,ended
CAN01153,CA015,2025-05-13,2025-11-04,ended
CAN01154,CA010,2026-02-21,,searching
CAN01155,CA020,2025-11-15,,searching
CAN01156,CA021,2025-09-29,,searching
CAN01157,,2025-09-06,,searching
CAN01158,CA016,2026-02-16,,searching
CAN01159,,2026-02-13,,searching
CAN01160,CA017,2026-06-02,2026-07-16,placed
CAN01161,CA004,2026-02-17,,searching
CAN01162,CA009,2026-08-17,,searching
CAN01163,CA005,2025-11-29,2026-01-06,placed
CAN01164,CA020,2026-07-08,,searching
CAN01165,CA011,2026-09-17,,searching
CAN01166,CA007,2025-06-20,,searching
CAN01167,CA018,2025-07-13,,searching
CAN01168,CA013,2025-04-24,2025-06-07,ended
CAN01169,CA015,2025-12-02,,searching
CAN01170,CA018,2026-02-19,,searching
CAN01171,,2025-10-26,,searching
CAN01172,CA016,2026-05-04,,searching
CAN01173,CA013,2026-02-13,,searching
CAN01174,CA016,2025-02-04,,searching
CAN01175,,2025-05-25,,searching
CAN01176,CA018,2026-07-03,,searching
CAN01177,CA020,2025-05-05,,searching
CAN01178,CA001,2026-08-20,,searching
CAN01179,,2025-04-04,,searching
CAN01180,CA013,2025-11-27,2025-12-19,placed
CAN01181,CA020,2026-01-10,,searching
CAN01182,CA011,2025-11-20,,searching
CAN01183,CA007,2026-09-21,,searching
CAN01184,CA008,2026-08-18,,searching
CAN01185,CA021,2026-06-12,,searching
CAN01186,CA016,2026-06-18,,searching
CAN01187,CA003,2025-07-27,2025-12-26,ended
CAN01188,CA021,2025-09-26,2025-10-18,placed
CAN01189,CA015,2025-08-09,,searching
CAN01190,CA022,2026-07-22,2026-08-18,placed
CAN01191,CA017,2026-01-16,2026-02-13,placed
CAN01192,,2026-08-20,,searching
CAN01193,CA008,2025-05-09,,searching
CAN01194,CA010,2025-03-28,,searching
CAN01195,CA001,2025-05-07,2026-09-18,placed
CAN01196,,2025-02-11,2025-07-20,ended
CAN01197,CA013,2025-08-11,,searching
CAN01198,CA015,2026-09-28,,searching
CAN01199,,2025-12-05,,searching
CAN01200,CA010,2025-08-21,,searching
CAN01201,CA011,2025-01-21,,searching
CAN01202,,2025-08-17,2025-09-21,placed
CAN01203,CA014,2025-06-23,2025-11-07,placed
CAN01204,,2026-01-05,2026-02-12,placed
CAN01205,,2025-03-31,,searching
CAN01206,CA014,2025-08-20,2025-11-27,placed
CAN01207,,2026-06-30,2026-08-07,placed
CAN01208,CA014,2026-01-02,2026-04-25,ended
CAN01209,,2026-09-21,,searching
CAN01210,CA020,2025-12-20,2026-02-11,ended
CAN01211,CA006,2026-08-08,2026-09-11,ended
CAN01212,CA016,2025-04-21,,searching
CAN01213,CA011,2025-09-02,,searching
CAN01214,CA001,2025-02-10,,searching
CAN01215,CA001,2026-08-19,2026-09-20,placed
CAN01216,,2025-04-25,,searching
CAN01217,CA002,2025-07-03,,searching
CAN01218,,2025-10-15,2025-11-07,placed
CAN01219,CA014,2025-01-10,2025-06-25,ended
CAN01220,CA005,2026-04-10,,searching
CAN01221,CA005,2026-08-11,,searching
CAN01222,CA008,2026-07-29,2026-09-02,placed
CAN01223,CA014,2025-04-26,,searching
CAN01224,CA021,2026-01-19,,searching
CAN01225,CA008,2025-09-15,,searching
CAN01226,,2025-05-07,,searching
CAN01227,CA004,2025-04-20,2025-05-07,placed
CAN01228,,2025-12-21,2026-01-13,placed
CAN01229,CA013,2026-03-24,,searching
CAN01230,,2025-06-16,,searching
CAN01231,CA005,2026-01-24,,searching
CAN01232,CA011,2025-04-24,2025-05-12,placed
CAN01233,,2025-09-18,2026-03-04,ended
CAN01234,CA014,2026-03-15,,searching
CAN01235,CA010,2025-04-24,2025-10-18,placed
CAN01236,,2025-06-16,,searching
CAN01237,CA007,2025-10-01,,searching
CAN01238,,2025-10-20,,searching
CAN01239,,2025-02-22,2025-04-08,ended
CAN01240,CA006,2026-04-04,,searching
CAN01241,,2025-10-18,2025-11-16,placed
CAN01242,,2025-11-12,,searching
CAN01243,CA019,2026-03-30,2026-05-09,ended
CAN01244,CA012,2026-07-14,,searching
CAN01245,CA015,2026-03-26,,searching
CAN01246,CA012,2026-03-18,,searching
CAN01247,CA010,2026-06-06,,searching
CAN01248,CA011,2026-03-05,2026-05-05,ended
CAN01249,CA008,2026-07-02,,searching
CAN01250,CA007,2026-01-12,,searching
CAN01251,CA009,2025-06-29,2025-07-10,placed
CAN01252,CA020,2025-11-15,,searching
CAN01253,CA010,2026-09-22,,searching
CAN01254,,2025-03-13,,searching
CAN01255,CA017,2026-07-03,2026-08-17,ended
CAN01256,CA001,2025-08-30,2025-09-15,placed
CAN01257,CA003,2026-05-24,,searching
CAN01258,CA019,2026-03-31,,searching
CAN01259,CA019,2026-08-20,2026-09-30,ended
CAN01260,CA007,2025-12-26,,searching
CAN01261,CA018,2025-07-24,2025-08-21,placed
CAN01262,,2025-12-26,,searching
CAN01263,CA016,2025-08-09,,searching
CAN01264,,2025-11-23,2025-12-20,ended
CAN01265,,2026-03-04,2026-04-01,placed
CAN01266,CA002,2026-07-30,,searching
CAN01267,CA007,2025-07-18,,searching
CAN01268,CA012,2025-10-25,,searching
CAN01269,,2026-02-04,2026-03-25,ended
CAN01270,CA007,2026-06-06,,searching
CAN01271,CA012,2025-02-10,2025-05-14,ended
CAN01272,CA008,2026-08-02,,searching
CAN01273,CA012,2025-04-26,2025-05-14,placed
CAN01274,,2026-08-10,2026-09-02,ended
CAN01275,,2025-12-11,2026-05-03,ended
CAN01276,CA004,2026-09-15,,searching
CAN01277,CA003,2026-01-03,,searching
CAN01278,CA012,2026-09-02,,searching
CAN01279,CA021,2025-06-18,,searching
CAN01280,CA003,2025-06-30,2025-10-05,ended
CAN01281,CA014,2025-12-19,2026-02-04,placed
CAN01282,CA016,2026-01-10,,searching
CAN01283,,2025-06-20,,searching
CAN01284,CA020,2026-07-23,2026-08-11,placed
CAN01285,CA001,2025-10-02,2025-10-24,placed
CAN01286,CA012,2025-09-16,,searching
CAN01287,CA008,2025-11-12,,searching
CAN01288,CA001,2026-06-02,2026-07-21,ended
CAN01289,CA020,2026-06-14,,searching
CAN01290,CA015,2025-10-07,2026-02-04,placed
CAN01291,CA006,2026-09-04,2026-09-29,ended
CAN01292,CA012,2026-07-11,2026-08-08,ended
CAN01293,CA004,2025-10-22,,searching
CAN01294,CA004,2025-08-12,,searching
CAN01295,CA021,2026-04-11,2026-05-09,placed
CAN01296,,2025-04-27,,searching
CAN01297,CA009,2026-08-14,2026-09-07,ended
CAN01298,CA008,2025-12-08,,searching
CAN01299,CA003,2025-05-03,,searching
CAN01300,CA003,2026-08-28,,searching
CAN01301,CA010,2026-09-24,,searching
CAN01302,,2026-07-12,,searching
CAN01303,CA009,2025-05-06,2025-05-23,placed
CAN01304,CA015,2025-12-24,2026-01-18,placed
CAN01305,CA003,2025-04-12,2025-05-01,placed
CAN01306,CA003,2025-09-09,,searching
CAN01307,CA006,2025-07-28,,searching
CAN01308,CA011,2025-07-02,,searching
CAN01309,CA018,2025-10-22,,searching
CAN01310,,2025-08-13,2025-10-09,ended
CAN01311,CA020,2026-05-19,,searching
CAN01312,CA009,2025-03-26,,searching
CAN01313,,2026-09-10,,searching
CAN01314,CA016,2025-02-17,,searching
CAN01315,CA021,2026-08-11,2026-08-29,ended
CAN01316,,2026-05-15,2026-09-25,ended
CAN01317,,2025-07-27,,searching
CAN01318,,2026-01-27,,searching
CAN01319,,2025-09-23,2025-11-13,placed
CAN01320,,2026-07-06,,searching
CAN01321,CA008,2025-08-06,,searching
CAN01322,CA018,2026-05-06,2026-05-27,placed
CAN01323,CA013,2025-12-16,,searching
CAN01324,,2026-03-17,2026-04-16,placed
CAN01325,,2026-04-26,,searching
CAN01326,CA006,2025-12-20,,searching
CAN01327,,2025-11-23,,searching
CAN01328,CA008,2025-10-18,,searching
CAN01329,CA007,2026-04-19,2026-07-30,ended
CAN01330,CA007,2026-06-29,2026-08-05,placed
CAN01331,CA008,2025-09-30,,searching
CAN01332,,2026-04-05,,searching
CAN01333,CA011,2025-09-12,2025-09-29,placed
CAN01334,,2026-08-03,,searching
CAN01335,CA001,2025-02-10,,searching
CAN01336,CA004,2026-01-29,2026-05-23,ended
CAN01337,CA016,2025-08-11,2025-10-07,ended
CAN01338,,2026-01-14,2026-01-30,placed
CAN01339,CA006,2026-07-05,,searching
CAN01340,CA015,2025-12-26,,searching
CAN01341,CA013,2025-09-02,2025-09-27,placed
CAN01342,,2026-02-11,2026-03-24,placed
CAN01343,CA011,2025-06-03,,searching
CAN01344,CA014,2025-10-29,2025-11-23,placed
CAN01345,CA007,2026-02-22,2026-08-06,ended
CAN01346,,2026-07-13,,searching
CAN01347,CA014,2025-11-13,,searching
CAN01348,,2026-03-25,2026-09-05,ended
CAN01349,,2026-07-08,2026-08-08,placed
CAN01350,,2025-11-01,,searching
CAN01351,CA002,2026-02-09,,searching
CAN01352,CA016,2025-06-20,,searching
CAN01353,,2026-09-22,,searching
CAN01354,,2025-04-07,,searching
CAN01355,CA002,2025-03-07,,searching
CAN01356,CA009,2025-08-25,2025-09-09,placed
CAN01357,CA012,2026-01-15,2026-03-05,ended
CAN01358,CA022,2026-05-26,,searching
CAN01359,CA009,2025-04-19,,searching
CAN01360,CA016,2026-09-12,,searching
CAN01361,CA005,2025-05-09,,searching
CAN01362,CA013,2026-09-04,,searching
CAN01363,,2025-08-05,2025-08-18,placed
CAN01364,,2025-06-05,2025-07-10,placed
CAN01365,,2026-02-20,,searching
CAN01366,CA003,2026-08-11,,searching
CAN01367,CA021,2026-02-27,,searching
CAN01368,,2026-07-12,2026-08-11,placed
CAN01369,CA020,2025-12-01,2025-12-16,ended
CAN01370,CA021,2026-05-30,2026-08-23,ended
CAN01371,CA008,2026-06-01,,searching
CAN01372,CA009,2025-08-10,,searching
CAN01373,,2025-09-16,,searching
CAN01374,CA008,2025-04-25,,searching
CAN01375,,2026-08-26,2026-09-09,ended
CAN01376,,2025-01-23,,searching
CAN01377,CA008,2026-07-13,,searching
CAN01378,,2026-06-02,,searching
CAN01379,,2026-07-01,,searching
CAN01380,CA012,2026-02-18,,searching
CAN01381,CA005,2025-12-14,,searching
CAN01382,,2026-04-19,,searching
CAN01383,,2026-05-04,,searching
CAN01384,CA017,2025-10-05,,searching
CAN01385,CA003,2025-11-21,,searching
CAN01386,CA020,2026-03-19,2026-04-09,placed
CAN01387,CA003,2025-06-02,2025-07-01,placed
CAN01388,CA002,2026-03-17,2026-07-04,ended
CAN01389,CA001,2025-09-01,,searching
CAN01390,CA019,2025-10-28,2026-03-20,ended
CAN01391,CA009,2025-03-20,,searching
CAN01392,CA014,2026-01-29,2026-05-24,placed
CAN01393,,2026-04-14,2026-05-29,placed
CAN01394,CA013,2026-06-26,2026-08-10,placed
CAN01395,CA013,2025-07-08,,searching
CAN01396,,2025-08-04,,searching
CAN01397,CA008,2026-02-15,,searching
CAN01398,CA018,2026-05-28,,searching
CAN01399,CA012,2025-08-21,2026-02-21,placed
CAN01400,CA011,2025-03-12,2025-04-13,ended
CAN01401,CA014,2025-06-06,,searching
CAN01402,CA010,2026-04-14,,searching
CAN01403,,2026-01-21,2026-02-23,placed
CAN01404,,2026-07-29,,searching
CAN01405,,2025-12-10,2026-04-24,ended
CAN01406,CA009,2025-12-11,,searching
CAN01407,CA007,2026-05-27,2026-07-31,ended
CAN01408,,2026-08-15,,searching
CAN01409,CA010,2026-05-12,,searching
CAN01410,CA002,2025-09-18,,searching
CAN01411,CA003,2026-08-31,,searching
CAN01412,CA008,2026-07-15,,searching
CAN01413,CA007,2026-08-11,2026-09-10,placed
CAN01414,CA008,2026-08-28,,searching
CAN01415,,2026-07-21,,searching
CAN01416,CA008,2025-08-09,,searching
CAN01417,CA020,2026-03-29,,searching
CAN01418,,2026-09-27,,searching
CAN01419,CA015,2025-04-05,,searching
CAN01420,CA007,2025-08-16,2025-09-16,placed
CAN01421,,2026-06-04,,searching
CAN01422,CA016,2026-08-31,2026-09-21,ended
CAN01423,,2025-11-18,,searching
CAN01424,CA012,2025-02-10,2025-03-30,ended
CAN01425,CA011,2025-07-18,2025-08-03,placed
CAN01426,CA017,2025-12-19,2026-01-11,placed
CAN01427,,2026-06-28,,searching
CAN01428,CA011,2025-05-18,,searching
CAN01429,CA007,2025-06-15,,searching
CAN01430,CA013,2026-07-28,2026-09-07,ended
CAN01431,CA002,2025-04-03,,searching
CAN01432,,2025-10-10,2025-11-18,placed
CAN01433,CA010,2025-08-22,,searching
CAN01434,CA002,2025-08-20,,searching
CAN01435,CA014,2025-07-26,,searching
CAN01436,CA004,2026-06-14,,searching
CAN01437,CA008,2026-01-20,,searching
CAN01438,CA002,2025-04-23,2025-05-08,placed
CAN01439,CA010,2026-05-08,,searching
CAN01440,CA002,2025-09-05,,searching
CAN01441,CA006,2026-05-16,2026-06-14,placed
CAN01442,,2025-07-06,2025-07-19,placed
CAN01443,CA008,2026-03-18,2026-04-09,ended
CAN01444,CA005,2026-01-26,,searching
CAN01445,,2025-05-31,,searching
CAN01446,CA005,2026-07-14,,searching
CAN01447,CA015,2026-01-12,,searching
CAN01448,,2025-03-29,2025-05-08,ended
CAN01449,CA007,2026-09-04,,searching
CAN01450,CA022,2026-04-16,,searching
CAN01451,,2026-06-21,,searching
CAN01452,CA013,2025-11-11,2025-12-27,placed
CAN01453,CA005,2025-11-27,,searching
CAN01454,CA004,2025-04-16,2025-08-04,ended
CAN01455,,2026-06-09,,searching
CAN01456,CA016,2025-06-23,,searching
CAN01457,CA016,2026-03-19,2026-04-11,placed
CAN01458,,2026-04-03,2026-05-17,placed
CAN01459,CA019,2025-09-04,,searching
CAN01460,,2025-02-07,2025-05-21,ended
CAN01461,,2026-08-01,,searching
CAN01462,,2026-09-09,2026-09-27,ended
CAN01463,CA021,2025-08-02,,searching
CAN01464,CA018,2026-09-23,,searching
CAN01465,CA002,2025-11-28,2026-04-20,ended
CAN01466,,2025-06-17,2025-07-11,placed
CAN01467,CA009,2026-02-22,,searching
CAN01468,CA021,2026-03-07,2026-04-12,placed
CAN01469,CA007,2025-08-31,2025-09-20,placed
CAN01470,,2025-10-03,2026-04-01,ended
CAN01471,CA009,2025-07-25,,searching
CAN01472,CA013,2026-02-26,,searching
CAN01473,,2026-01-28,,searching
CAN01474,CA022,2026-07-24,2026-08-15,ended
CAN01475,CA006,2026-09-21,,searching
CAN01476,,2026-04-22,,searching
CAN01477,CA019,2025-04-10,2025-05-16,placed
CAN01478,,2026-03-01,2026-04-14,ended
CAN01479,CA021,2025-05-02,,searching
CAN01480,CA007,2026-01-10,2026-05-30,ended
CAN01481,CA010,2025-10-19,2026-03-18,placed
CAN01482,CA006,2025-05-08,2026-02-28,placed
CAN01483,,2025-10-29,2025-11-24,placed
CAN01484,CA010,2025-06-25,2025-07-16,placed
CAN01485,,2025-03-26,,searching
CAN01486,CA020,2026-04-19,2026-05-26,ended
CAN01487,CA012,2026-09-30,,searching
CAN01488,,2025-04-21,,searching
CAN01489,,2026-07-22,2026-09-11,placed
CAN01490,,2025-02-25,,searching
CAN01491,,2026-05-31,2026-07-01,placed
CAN01492,,2026-07-26,2026-09-24,ended
CAN01493,CA008,2026-08-31,2026-09-21,ended
CAN01494,,2026-03-05,,searching
CAN01495,,2026-07-04,,searching
CAN01496,CA019,2025-07-20,,searching
CAN01497,,2026-04-13,,searching
CAN01498,,2025-10-23,,searching
CAN01499,,2026-06-17,2026-08-07,placed
CAN01500,CA017,2025-06-12,2025-07-06,ended
CAN01501,,2026-02-03,,searching
CAN01502,CA009,2025-03-16,2025-06-25,ended
CAN01503,CA011,2025-09-07,2025-09-27,placed
CAN01504,CA016,2025-06-21,2025-09-23,ended
CAN01505,CA008,2025-12-15,,searching
CAN01506,,2025-05-23,,searching
CAN01507,CA018,2025-05-08,,searching
CAN01508,CA005,2026-01-11,,searching
CAN01509,CA011,2025-04-03,2025-09-12,ended
CAN01510,CA005,2025-05-03,,searching
CAN01511,CA006,2026-08-19,,searching
CAN01512,CA015,2025-07-04,2025-12-13,ended
CAN01513,,2026-09-04,2026-09-26,ended
CAN01514,CA010,2026-05-31,2026-06-24,placed
CAN01515,CA013,2026-06-02,2026-07-29,placed
CAN01516,CA012,2025-09-14,2026-02-13,placed
CAN01517,,2025-05-18,,searching
CAN01518,CA008,2025-07-01,,searching
CAN01519,CA005,2026-08-26,,searching
CAN01520,CA013,2026-05-07,,searching
CAN01521,CA003,2026-05-04,,searching
CAN01522,CA001,2025-12-15,,searching
CAN01523,CA005,2026-03-23,,searching
CAN01524,CA021,2025-12-07,2026-04-18,ended
CAN01525,CA001,2025-05-12,,searching
CAN01526,,2025-11-23,,searching
CAN01527,CA012,2025-08-27,,searching
CAN01528,,2026-05-27,,searching
CAN01529,CA021,2025-10-10,2025-11-12,ended
CAN01530,CA001,2025-12-02,2026-03-16,ended
CAN01531,,2025-07-25,,searching
CAN01532,CA013,2025-08-25,,searching
CAN01533,,2026-08-10,,searching
CAN01534,CA003,2026-05-18,,searching
CAN01535,,2026-02-18,,searching
CAN01536,CA019,2025-06-08,2025-11-01,ended
CAN01537,,2026-04-16,,searching
CAN01538,CA011,2026-02-14,,searching
CAN01539,,2026-08-06,2026-09-19,ended
CAN01540,,2025-12-26,,searching
CAN01541,CA006,2025-07-20,,searching
CAN01542,CA006,2026-08-03,,searching
CAN01543,,2025-07-18,,searching
CAN01544,CA017,2025-04-12,2025-05-12,placed
CAN01545,CA001,2026-01-05,2026-06-16,ended
CAN01546,CA002,2025-12-06,,searching
CAN01547,CA015,2026-06-24,,searching
CAN01548,CA010,2025-06-16,2025-12-14,placed
CAN01549,CA014,2026-03-07,,searching
CAN01550,CA015,2026-06-13,2026-07-09,placed
CAN01551,CA004,2026-01-03,,searching
CAN01552,,2025-12-31,2026-02-27,placed
CAN01553,CA013,2026-01-22,,searching
CAN01554,CA016,2025-06-24,,searching
CAN01555,CA022,2026-07-17,2026-08-11,ended
CAN01556,CA017,2026-04-21,,searching
CAN01557,CA015,2026-06-01,,searching
CAN01558,CA019,2026-07-08,,searching
CAN01559,CA008,2025-11-21,,searching
CAN01560,CA020,2025-12-17,2026-01-14,placed
CAN01561,,2025-08-15,2025-12-21,ended
CAN01562,CA013,2025-07-31,,searching
CAN01563,,2025-09-29,2026-02-26,ended
CAN01564,CA010,2025-01-16,,searching
CAN01565,CA004,2026-02-16,,searching
CAN01566,,2025-01-20,2025-05-23,ended
CAN01567,,2026-01-03,2026-06-09,ended
CAN01568,CA001,2025-05-29,,searching
CAN01569,,2026-04-22,,searching
CAN01570,,2026-05-02,2026-06-05,placed
CAN01571,CA015,2026-04-14,2026-09-27,ended
CAN01572,CA019,2025-02-25,2025-03-28,ended
CAN01573,CA009,2026-01-23,2026-02-25,ended
CAN01574,CA007,2026-06-12,,searching
CAN01575,,2025-02-01,2025-04-17,ended
CAN01576,CA019,2026-06-27,,searching
CAN01577,CA017,2026-04-13,,searching
CAN01578,CA012,2026-01-25,2026-06-18,ended
CAN01579,CA009,2026-06-25,2026-07-28,placed
CAN01580,CA011,2025-10-14,2026-05-13,placed
CAN01581,CA018,2026-03-02,2026-03-29,placed
CAN01582,CA001,2025-11-11,,searching
CAN01583,CA020,2026-07-08,2026-09-17,ended
CAN01584,CA018,2025-11-13,2025-12-03,placed
CAN01585,CA011,2025-08-11,2025-10-11,placed
CAN01586,,2025-07-01,,searching
CAN01587,CA001,2026-06-09,,searching
CAN01588,CA011,2025-07-06,2025-07-28,placed
CAN01589,,2025-09-20,,searching
CAN01590,CA003,2026-09-11,,searching
CAN01591,CA015,2026-02-17,,searching
CAN01592,CA018,2026-01-25,2026-02-22,placed
CAN01593,CA002,2025-05-11,2025-05-28,placed
CAN01594,CA004,2025-11-04,,searching
CAN01595,CA002,2025-10-31,2025-12-22,placed
CAN01596,CA012,2026-04-17,,searching
CAN01597,,2026-05-18,,searching
CAN01598,,2026-03-09,,searching
CAN01599,CA003,2025-04-26,2025-05-10,ended
CAN01600,CA013,2025-05-30,,searching
CAN01601,CA002,2026-09-15,2026-09-29,ended
CAN01602,CA012,2026-08-24,,searching
CAN01603,CA011,2026-03-27,,searching
CAN01604,CA022,2026-06-11,,searching
CAN01605,CA021,2025-04-02,,searching
CAN01606,CA003,2025-05-01,,searching
CAN01607,,2026-01-09,,searching
CAN01608,CA006,2026-03-10,,searching
CAN01609,CA021,2025-10-09,,searching
CAN01610,CA010,2025-02-05,,searching
CAN01611,CA003,2025-09-24,2026-07-28,placed
CAN01612,CA016,2026-02-20,2026-06-22,ended
CAN01613,,2026-05-29,,searching
CAN01614,CA016,2026-03-09,,searching
CAN01615,CA010,2026-09-26,,searching
CAN01616,,2026-02-15,,searching
CAN01617,CA020,2025-08-02,,searching
CAN01618,,2025-03-11,,searching
CAN01619,CA014,2026-01-27,,searching
CAN01620,,2025-07-31,,searching
CAN01621,CA017,2025-11-11,2025-12-04,placed
CAN01622,,2026-08-14,,searching
CAN01623,CA015,2025-07-17,,searching
CAN01624,CA010,2026-02-28,,searching
CAN01625,CA018,2025-11-12,,searching
CAN01626,CA016,2025-10-03,,searching
CAN01627,,2025-07-22,2025-08-01,placed
CAN01628,CA012,2025-08-20,,searching
CAN01629,CA011,2026-09-15,,searching
CAN01630,CA022,2026-06-24,,searching
CAN01631,CA007,2025-08-31,,searching
CAN01632,CA018,2025-11-17,,searching
CAN01633,CA020,2025-06-21,,searching
CAN01634,,2026-07-01,2026-08-15,placed
CAN01635,CA020,2026-05-02,,searching
CAN01636,CA008,2026-07-08,,searching
CAN01637,CA009,2026-03-22,2026-04-20,placed
CAN01638,CA001,2026-02-13,2026-03-18,placed
CAN01639,CA019,2026-04-05,,searching
CAN01640,CA010,2025-11-15,,searching
CAN01641,,2026-05-14,2026-06-11,placed
CAN01642,CA003,2026-04-15,2026-05-24,placed
CAN01643,CA002,2025-04-03,,searching
CAN01644,CA001,2025-08-26,2025-09-24,placed
CAN01645,,2025-03-06,,searching
CAN01646,,2025-12-05,,searching
CAN01647,CA014,2026-05-06,2026-06-25,placed
CAN01648,CA018,2025-06-06,2025-06-20,placed
CAN01649,,2025-04-10,2025-06-22,ended
CAN01650,CA014,2025-07-31,2025-08-10,placed
CAN01651,CA015,2026-08-23,2026-09-12,ended
CAN01652,CA008,2025-11-02,,searching
CAN01653,,2026-03-26,,searching
CAN01654,CA001,2025-06-15,2026-04-29,placed
CAN01655,CA005,2026-05-03,2026-05-26,placed
CAN01656,CA001,2025-03-03,,searching
CAN01657,CA014,2025-11-20,,searching
CAN01658,CA017,2026-09-12,,searching
CAN01659,CA017,2026-01-15,2026-02-12,ended
CAN01660,,2026-03-16,2026-05-13,ended
CAN01661,,2025-01-11,,searching
CAN01662,CA003,2025-07-27,2026-01-08,ended
CAN01663,CA014,2026-01-25,2026-07-14,ended
CAN01664,CA021,2025-08-14,,searching
CAN01665,,2025-10-27,2025-11-22,placed
CAN01666,CA010,2026-04-16,,searching
CAN01667,,2025-12-27,,searching
CAN01668,,2025-01-27,2025-03-08,ended
CAN01669,CA004,2026-04-27,,searching
CAN01670,CA012,2025-10-03,,searching
CAN01671,CA014,2026-06-20,2026-07-31,placed
CAN01672,CA020,2026-06-23,2026-07-26,placed
CAN01673,CA006,2026-02-11,2026-03-27,ended
CAN01674,CA002,2026-09-13,,searching
CAN01675,CA018,2025-10-30,,searching
CAN01676,CA012,2025-03-24,,searching
CAN01677,,2025-11-11,,searching
CAN01678,,2025-06-16,2025-11-22,ended
CAN01679,CA010,2025-07-11,,searching
CAN01680,CA021,2026-02-28,,searching
CAN01681,,2026-04-23,2026-08-16,ended
CAN01682,CA017,2026-02-03,2026-02-28,placed
CAN01683,,2026-03-28,,searching
CAN01684,CA012,2025-07-16,,searching
CAN01685,CA010,2026-01-11,,searching
CAN01686,CA008,2026-03-05,2026-08-16,ended
CAN01687,,2025-06-08,,searching
CAN01688,,2026-03-07,2026-05-06,ended
CAN01689,CA014,2026-01-02,,searching
CAN01690,,2025-05-07,,searching
CAN01691,,2025-05-08,,searching
CAN01692,,2026-01-10,2026-03-25,ended
CAN01693,,2026-03-21,,searching
CAN01694,,2026-07-17,,searching
CAN01695,CA013,2026-06-09,,searching
CAN01696,CA009,2026-06-19,,searching
CAN01697,CA017,2026-02-17,2026-05-18,ended
CAN01698,CA007,2026-03-01,2026-06-15,ended
CAN01699,CA004,2025-11-07,2025-12-02,placed
CAN01700,,2025-10-07,2025-10-31,placed
CAN01701,CA005,2025-06-04,,searching
CAN01702,CA011,2026-03-14,2026-03-31,ended
CAN01703,CA003,2026-06-29,,searching
CAN01704,,2026-05-14,,searching
CAN01705,CA015,2026-01-20,2026-02-18,placed
CAN01706,CA020,2025-05-22,2025-06-06,placed
CAN01707,CA003,2026-01-01,,searching
CAN01708,CA013,2025-12-15,,searching
CAN01709,,2025-10-14,,searching
CAN01710,CA014,2026-05-17,,searching
CAN01711,CA016,2025-04-27,2025-07-02,ended
CAN01712,,2025-06-15,2025-10-11,ended
CAN01713,CA006,2026-03-26,,searching
CAN01714,CA008,2025-04-21,2025-05-07,placed
CAN01715,CA021,2026-06-23,,searching
CAN01716,CA022,2026-07-16,,searching
CAN01717,,2026-02-21,,searching
CAN01718,CA011,2025-07-26,,searching
CAN01719,CA016,2026-01-05,,searching
CAN01720,CA019,2025-09-02,2025-11-21,placed
CAN01721,CA019,2025-08-23,2025-09-08,placed
CAN01722,CA013,2026-02-02,2026-05-28,ended
CAN01723,,2025-11-04,,searching
CAN01724,CA009,2025-04-08,,searching
CAN01725,,2025-06-21,2025-12-07,placed
CAN01726,,2025-07-24,,searching
CAN01727,CA019,2026-03-23,2026-04-28,placed
CAN01728,CA014,2025-02-13,2025-03-02,ended
CAN01729,,2026-06-20,2026-08-24,ended
CAN01730,CA006,2026-06-05,,searching
CAN01731,CA015,2025-06-15,,searching
CAN01732,CA012,2026-03-29,,searching
CAN01733,,2026-06-27,2026-07-26,placed
CAN01734,CA020,2026-06-02,,searching
CAN01735,CA018,2026-09-18,,searching
CAN01736,CA004,2025-06-06,2025-07-24,ended
CAN01737,CA017,2026-09-20,,searching
CAN01738,CA008,2026-08-11,2026-09-05,ended
CAN01739,CA004,2025-12-02,,searching
CAN01740,CA001,2026-01-31,,searching
CAN01741,CA009,2026-02-15,,searching
CAN01742,CA011,2025-08-31,,searching
CAN01743,CA021,2026-05-14,,searching
CAN01744,,2025-07-19,,searching
CAN01745,,2025-05-09,,searching
CAN01746,CA002,2025-02-25,,searching
CAN01747,CA001,2025-11-26,,searching
CAN01748,,2026-08-23,,searching
CAN01749,CA017,2026-01-12,2026-02-01,placed
CAN01750,,2026-04-05,,searching
CAN01751,CA003,2025-11-21,2025-12-29,ended
CAN01752,CA012,2025-10-15,,searching
CAN01753,CA016,2026-04-29,2026-09-05,placed
CAN01754,CA017,2026-05-18,,searching
CAN01755,CA019,2025-08-28,,searching
CAN01756,CA005,2025-01-21,,searching
CAN01757,,2026-04-19,,searching
CAN01758,,2025-06-13,2025-12-05,ended
CAN01759,CA013,2025-09-29,2025-10-21,placed
CAN01760,CA011,2026-05-11,2026-06-04,placed
CAN01761,CA015,2025-07-01,2025-08-11,placed
CAN01762,CA007,2026-07-08,,searching
CAN01763,CA008,2025-09-25,2026-02-14,ended
CAN01764,CA006,2026-03-28,,searching
CAN01765,CA001,2026-04-17,,searching
CAN01766,CA004,2025-09-12,2025-09-28,placed
CAN01767,CA019,2025-06-19,2025-07-07,placed
CAN01768,CA001,2025-07-10,,searching
CAN01769,,2025-02-12,,searching
CAN01770,CA004,2026-08-16,,searching
CAN01771,CA013,2025-11-26,2026-08-21,placed
CAN01772,CA001,2026-09-25,,searching
CAN01773,,2026-04-13,,searching
CAN01774,CA014,2025-05-31,,searching
CAN01775,CA015,2025-11-12,2025-11-29,placed
CAN01776,,2025-07-20,,searching
CAN01777,CA020,2026-01-28,2026-03-24,placed
CAN01778,CA015,2026-09-22,,searching
CAN01779,CA005,2026-04-01,2026-07-23,ended
CAN01780,CA014,2026-06-23,,searching
CAN01781,CA016,2026-03-10,2026-03-28,ended
CAN01782,CA015,2025-10-21,2026-02-17,ended
CAN01783,CA011,2025-03-10,,searching
CAN01784,CA009,2026-02-22,2026-07-06,placed
CAN01785,,2025-11-10,2025-12-04,placed
CAN01786,,2026-05-05,,searching
CAN01787,CA018,2026-09-24,,searching
CAN01788,CA018,2025-08-28,2025-09-19,placed
CAN01789,CA011,2025-10-20,,searching
CAN01790,,2026-04-02,2026-05-08,placed
CAN01791,CA013,2025-03-05,,searching
CAN01792,,2025-05-21,2025-08-25,ended
CAN01793,CA001,2026-04-18,2026-08-23,placed
CAN01794,CA012,2026-03-30,2026-06-11,ended
CAN01795,,2026-08-19,,searching
CAN01796,CA010,2025-12-14,2026-02-27,ended
CAN01797,,2026-08-23,,searching
CAN01798,CA007,2025-01-11,,searching
CAN01799,CA003,2025-06-19,2025-07-08,placed
CAN01800,CA011,2025-12-28,,searching
CAN01801,CA013,2026-03-19,,searching
CAN01802,CA019,2026-05-20,,searching
CAN01803,,2025-08-02,2025-11-16,placed
CAN01804,CA018,2025-04-13,,searching
CAN01805,CA009,2026-02-24,,searching
CAN01806,CA003,2025-10-03,,searching
CAN01807,,2026-05-10,,searching
CAN01808,,2025-01-02,,searching
CAN01809,,2026-06-17,2026-08-19,ended
CAN01810,CA021,2026-07-15,2026-08-04,ended
CAN01811,CA008,2026-05-19,2026-07-19,ended
CAN01812,CA008,2025-07-05,,searching
CAN01813,CA003,2026-04-29,,searching
CAN01814,CA012,2025-11-03,2025-11-25,placed
CAN01815,,2026-04-06,,searching
CAN01816,CA010,2026-04-01,2026-07-04,ended
CAN01817,CA020,2026-08-12,2026-09-23,ended
CAN01818,CA014,2026-04-08,2026-05-05,placed
CAN01819,CA018,2026-06-28,,searching
CAN01820,,2026-06-20,2026-07-13,placed
CAN01821,CA002,2026-04-15,,searching
CAN01822,,2026-04-18,,searching
CAN01823,CA011,2025-11-02,2025-11-21,placed
CAN01824,,2026-02-02,,searching
CAN01825,CA013,2026-02-16,2026-04-05,placed
CAN01826,CA002,2025-11-19,,searching
CAN01827,,2026-02-15,2026-06-06,placed
CAN01828,CA017,2025-05-23,2025-10-10,ended
CAN01829,CA004,2026-07-11,,searching
CAN01830,,2026-06-19,,searching
CAN01831,CA005,2026-07-31,,searching
CAN01832,CA009,2026-08-16,,searching
CAN01833,,2026-09-26,,searching
CAN01834,,2026-06-12,,searching
CAN01835,CA014,2025-10-22,2025-12-31,placed
CAN01836,CA016,2026-06-09,,searching
CAN01837,CA013,2026-03-16,2026-04-19,placed
CAN01838,,2025-12-06,,searching
CAN01839,CA010,2025-09-12,2026-01-13,ended
CAN01840,CA016,2026-02-01,,searching
CAN01841,,2026-05-01,2026-05-30,placed
CAN01842,CA003,2026-05-20,,searching
CAN01843,CA009,2025-05-08,2025-05-27,placed
CAN01844,,2025-05-09,,searching
CAN01845,,2025-05-02,2025-09-14,ended
CAN01846,CA006,2025-12-22,,searching
CAN01847,CA002,2025-06-19,2025-08-07,placed
CAN01848,,2026-09-13,,searching
CAN01849,,2026-03-11,2026-04-29,placed
CAN01850,CA001,2025-02-28,,searching
CAN01851,CA014,2026-09-11,,searching
CAN01852,CA019,2026-07-07,,searching
CAN01853,CA011,2026-06-28,2026-08-01,placed
CAN01854,CA016,2026-09-16,,searching
CAN01855,CA012,2026-01-02,,searching
CAN01856,CA003,2025-06-21,,searching
CAN01857,CA020,2025-09-11,2025-10-09,placed
CAN01858,CA022,2026-07-01,,searching
CAN01859,CA011,2025-04-04,,searching
CAN01860,,2026-08-13,2026-09-21,ended
CAN01861,CA017,2025-08-30,2025-10-08,placed
CAN01862,CA010,2025-03-19,,searching
CAN01863,CA005,2026-06-10,2026-07-28,placed
CAN01864,,2025-06-05,2025-06-22,placed
CAN01865,,2026-01-19,,searching
CAN01866,CA016,2025-09-01,,searching
CAN01867,CA014,2025-11-21,,searching
CAN01868,,2025-09-25,,searching
CAN01869,,2025-02-23,,searching
CAN01870,CA009,2025-10-31,,searching
CAN01871,,2025-12-23,2026-01-17,placed
CAN01872,CA008,2026-06-28,,searching
CAN01873,,2026-01-22,2026-05-15,ended
CAN01874,CA009,2025-01-19,,searching
CAN01875,,2026-07-07,,searching
CAN01876,,2026-06-06,,searching
CAN01877,CA006,2025-04-22,2025-05-02,placed
CAN01878,,2025-11-09,2025-12-06,placed
CAN01879,CA015,2026-09-21,,searching
CAN01880,,2026-02-02,,searching
CAN01881,CA011,2025-05-30,2025-07-09,placed
CAN01882,,2025-05-30,2025-06-16,placed
CAN01883,,2026-06-28,,searching
CAN01884,,2025-07-23,2025-08-15,placed
CAN01885,,2026-08-12,,searching
CAN01886,CA022,2026-09-04,,searching
CAN01887,,2025-08-18,,searching
CAN01888,CA008,2025-09-09,2025-09-25,placed
CAN01889,CA009,2025-05-14,,searching
CAN01890,CA012,2025-09-07,2025-09-27,placed
CAN01891,CA016,2026-04-25,2026-07-30,ended
CAN01892,CA012,2025-10-08,2025-12-10,ended
CAN01893,,2025-12-22,,searching
CAN01894,,2025-04-25,,searching
CAN01895,,2025-12-02,,searching
CAN01896,CA005,2025-08-30,,searching
CAN01897,CA012,2026-01-19,2026-09-27,placed
CAN01898,CA017,2025-09-02,,searching
CAN01899,,2025-05-29,,searching
CAN01900,CA018,2026-01-05,,searching
CAN01901,,2026-08-28,,searching
CAN01902,CA013,2025-08-27,2025-09-12,placed
CAN01903,,2026-03-01,,searching
CAN01904,CA013,2026-01-28,,searching
CAN01905,,2025-07-17,,searching
CAN01906,CA001,2026-06-18,,searching
CAN01907,CA021,2025-11-25,,searching
CAN01908,,2025-09-16,2025-09-30,placed
CAN01909,CA008,2026-02-01,2026-06-29,ended
CAN01910,CA003,2026-07-19,,searching
CAN01911,,2025-05-03,,searching
CAN01912,CA006,2025-07-08,,searching
CAN01913,CA011,2026-01-07,,searching
CAN01914,,2025-08-20,2025-09-05,placed
CAN01915,CA001,2025-05-09,2025-10-18,ended
CAN01916,CA003,2025-10-07,,searching
CAN01917,CA009,2025-09-29,2025-11-07,placed
CAN01918,,2025-12-13,2026-01-31,placed
CAN01919,CA021,2026-03-16,,searching
CAN01920,CA007,2025-01-14,,searching
CAN01921,CA007,2025-05-27,2025-06-07,placed
CAN01922,CA002,2025-05-13,,searching
CAN01923,CA003,2026-06-09,,searching
CAN01924,,2025-06-25,,searching
CAN01925,CA009,2025-04-11,,searching
CAN01926,CA005,2025-02-22,,searching
CAN01927,CA018,2026-06-08,,searching
CAN01928,,2025-03-15,,searching
CAN01929,,2025-09-30,2025-11-25,ended
CAN01930,CA017,2026-07-27,,searching
CAN01931,CA003,2025-01-24,,searching
CAN01932,CA016,2026-06-06,,searching
CAN01933,CA017,2026-04-18,2026-07-16,ended
CAN01934,CA006,2026-06-02,,searching
CAN01935,CA005,2025-05-03,,searching
CAN01936,CA006,2025-09-25,,searching
CAN01937,CA006,2026-09-24,,searching
CAN01938,CA013,2026-04-30,,searching
CAN01939,CA021,2026-02-27,,searching
CAN01940,,2025-10-02,2026-01-12,ended
CAN01941,CA009,2025-12-19,,searching
CAN01942,CA014,2025-07-10,,searching
CAN01943,CA021,2025-07-10,2025-12-30,ended
CAN01944,CA019,2026-06-30,,searching
CAN01945,CA010,2025-03-27,2026-04-27,placed
CAN01946,CA001,2025-09-20,,searching
CAN01947,CA011,2026-06-10,,searching
CAN01948,CA014,2026-07-08,2026-08-07,placed
CAN01949,,2025-12-14,2026-01-25,placed
CAN01950,,2026-07-13,2026-08-02,ended
