client_id,client_name
CLI001,クライアント企業001
CLI002,クライアント企業002
CLI003,クライアント企業003
CLI004,クライアント企業004
CLI005,クライアント企業005
CLI006,クライアント企業006
CLI007,クライアント企業007
CLI008,クライアント企業008
CLI009,クライアント企業009
CLI010,クライアント企業010
CLI011,クライアント企業011
CLI012,クライアント企業012
CLI013,クライアント企業013
CLI014,クライアント企業014
CLI015,クライアント企業015
CLI016,クライアント企業016
CLI017,クライアント企業017
CLI018,クライアント企業018
CLI019,クライアント企業019
CLI020,クライアント企業020
CLI021,クライアント企業021
CLI022,クライアント企業022
CLI023,クライアント企業023
CLI024,クライアント企業024
CLI025,クライアント企業025
CLI026,クライアント企業026
CLI027,クライアント企業027
CLI028,クライアント企業028
CLI029,クライアント企業029
CLI030,クライアント企業030
CLI031,クライアント企業031
CLI032,クライアント企業032
CLI033,クライアント企業033
CLI034,クライアント企業034
CLI035,クライアント企業035
CLI036,クライアント企業036
CLI037,クライアント企業037
CLI038,クライアント企業038
CLI039,クライアント企業039
CLI040,クライアント企業040
CLI041,クライアント企業041
CLI042,クライアント企業042
CLI043,クライアント企業043
CLI044,クライアント企業044
CLI045,クライアント企業045
CLI046,クライアント企業046
CLI047,クライアント企業047
CLI048,クライアント企業048
CLI049,クライアント企業049
CLI050,クライアント企業050
CLI051,クライアント企業051
CLI052,クライアント企業052
CLI053,クライアント企業053
CLI054,クライアント企業054
CLI055,クライアント企業055
CLI056,クライアント企業056
CLI057,クライアント企業057
CLI058,クライアント企業058
CLI059,クライアント企業059
CLI060,クライアント企業060
CLI061,クライアント企業061
CLI062,クライアント企業062
CLI063,クライアント企業063
CLI064,クライアント企業064
CLI065,クライアント企業065
CLI066,クライアント企業066
CLI067,クライアント企業067
CLI068,クライアント企業068
CLI069,クライアント企業069
CLI070,クライアント企業070
CLI071,クライアント企業071
CLI072,クライアント企業072
CLI073,クライアント企業073
CLI074,クライアント企業074
CLI075,クライアント企業075
CLI076,クライアント企業076
CLI077,クライアント企業077
CLI078,クライアント企業078
CLI079,クライアント企業079
CLI080,クライアント企業080
CLI081,クライアント企業081
CLI082,クライアント企業082
CLI083,クライアント企業083
CLI084,クライアント企業084
CLI085,クライアント企業085
CLI086,クライアント企業086
CLI087,クライアント企業087
CLI088,クライアント企業088
CLI089,クライアント企業089
CLI090,クライアント企業090
CLI091,クライアント企業091
CLI092,クライアント企業092
CLI093,クライアント企業093
CLI094,クライアント企業094
CLI095,クライアント企業095
CLI096,クライアント企業096
CLI097,クライアント企業097
CLI098,クライアント企業098
CLI099,クライアント企業099
CLI100,クライアント企業100
