job_id,client_id,ra_id,open_date,close_date,occupation_id,location_id,required_slots,offered_hourly_wage,required_skill_level,work_style,status
JOB00001,CLI013,RA011,2025-10-01,2026-01-22,OCC003,LOC008,1,1550,3,onsite,closed
JOB00002,CLI062,RA006,2025-10-19,,OCC003,LOC007,3,1500,2,hybrid,open
JOB00003,CLI055,RA007,2025-12-19,2026-06-03,OCC002,LOC001,3,1250,1,onsite,closed
JOB00004,CLI097,RA004,2025-12-25,2026-04-11,OCC006,LOC005,1,2200,3,onsite,closed
JOB00005,CLI044,RA013,2025-05-29,,OCC006,LOC002,1,2250,4,hybrid,open
JOB00006,CLI021,RA012,2025-06-15,2025-12-10,OCC009,LOC003,2,3050,4,onsite,closed
JOB00007,CLI070,RA011,2025-04-25,2025-08-27,OCC006,LOC006,1,2250,3,onsite,closed
JOB00008,CLI044,RA009,2025-09-29,2025-12-19,OCC010,LOC001,2,2800,4,hybrid,closed
JOB00009,CLI032,RA006,2025-07-18,2025-11-09,OCC006,LOC001,1,2100,2,hybrid,closed
JOB00010,CLI068,RA002,2025-05-12,2025-08-14,OCC006,LOC002,3,2250,3,hybrid,closed
JOB00011,CLI047,RA011,2025-07-05,2025-12-07,OCC002,LOC002,2,1200,1,hybrid,closed
JOB00012,CLI080,RA002,2025-08-16,2026-01-10,OCC001,LOC001,2,1450,2,hybrid,closed
JOB00013,CLI019,RA002,2025-12-07,2026-03-15,OCC001,LOC002,1,1250,1,onsite,closed
JOB00014,CLI084,RA013,2025-12-10,2026-05-23,OCC003,LOC003,1,1400,2,onsite,closed
JOB00015,CLI096,RA001,2025-10-10,2026-03-31,OCC008,LOC006,3,3000,4,onsite,closed
JOB00016,CLI014,RA007,2025-10-17,2026-04-04,OCC006,LOC004,3,2300,3,onsite,closed
JOB00017,CLI094,RA006,2025-06-04,,OCC008,LOC001,2,2900,4,hybrid,open
JOB00018,CLI017,RA005,2025-06-11,2025-10-03,OCC001,LOC002,1,1450,1,onsite,closed
JOB00019,CLI004,RA006,2025-10-06,2026-01-04,OCC001,LOC001,1,1400,2,hybrid,closed
JOB00020,CLI079,RA004,2025-08-25,2026-01-14,OCC007,LOC001,3,2000,3,onsite,closed
JOB00021,CLI082,RA007,2025-10-22,2026-04-01,OCC001,LOC001,1,1300,1,onsite,closed
JOB00022,CLI086,RA011,2025-09-21,2025-11-23,OCC009,LOC002,1,3100,4,onsite,closed
JOB00023,CLI089,RA009,2025-12-18,,OCC008,LOC001,1,2900,4,remote,open
JOB00024,CLI057,RA008,2025-09-12,2025-11-21,OCC002,LOC001,2,1350,1,hybrid,closed
JOB00025,CLI063,RA001,2025-06-26,2025-11-20,OCC001,LOC004,1,1300,1,onsite,closed
JOB00026,CLI068,RA004,2025-11-10,2026-04-21,OCC004,LOC001,2,2150,3,onsite,closed
JOB00027,CLI085,RA001,2025-10-14,,OCC002,LOC001,1,1300,1,onsite,open
JOB00028,CLI049,RA006,2025-06-12,2025-09-11,OCC002,LOC001,2,1300,1,onsite,closed
JOB00029,CLI014,RA006,2025-09-03,2026-03-01,OCC001,LOC001,1,1300,1,hybrid,closed
JOB00030,CLI036,RA005,2025-11-02,2026-03-15,OCC004,LOC005,2,2150,3,onsite,closed
JOB00031,CLI040,RA004,2025-11-12,2026-03-15,OCC002,LOC006,1,1200,1,onsite,closed
JOB00032,CLI056,RA004,2025-07-02,2025-10-01,OCC006,LOC001,3,2350,4,onsite,closed
JOB00033,CLI063,RA002,2025-11-19,2026-04-28,OCC006,LOC001,2,2350,3,onsite,closed
JOB00034,CLI058,RA007,2025-09-13,2025-12-05,OCC008,LOC001,1,3000,4,onsite,closed
JOB00035,CLI016,RA006,2025-05-09,2025-09-07,OCC009,LOC001,1,3150,4,hybrid,closed
JOB00036,CLI090,RA012,2025-06-10,,OCC005,LOC003,4,1950,3,onsite,open
JOB00037,CLI046,RA005,2025-06-18,2025-10-08,OCC004,LOC001,2,2150,4,onsite,closed
JOB00038,CLI019,RA004,2025-04-25,2025-08-11,OCC005,LOC002,1,2000,3,onsite,closed
JOB00039,CLI027,RA003,2025-07-14,2025-12-12,OCC006,LOC004,2,2200,3,onsite,closed
JOB00040,CLI091,RA004,2025-12-26,2026-02-25,OCC006,LOC001,1,2200,4,onsite,closed
JOB00041,CLI098,RA006,2025-04-24,2025-09-21,OCC008,LOC006,1,2850,4,onsite,closed
JOB00042,CLI088,RA012,2025-04-03,2025-08-06,OCC003,LOC002,1,1600,2,onsite,closed
JOB00043,CLI021,RA001,2025-07-15,2025-12-19,OCC008,LOC004,2,3000,5,onsite,closed
JOB00044,CLI037,RA013,2025-10-14,2026-02-20,OCC010,LOC001,4,2850,5,onsite,closed
JOB00045,CLI035,RA004,2025-05-20,,OCC003,LOC007,1,1400,2,onsite,open
JOB00046,CLI095,RA008,2025-09-03,,OCC001,LOC003,1,1300,1,onsite,open
JOB00047,CLI014,RA001,2025-12-22,2026-04-15,OCC003,LOC006,3,1500,2,hybrid,closed
JOB00048,CLI007,RA006,2025-10-06,2026-02-18,OCC001,LOC002,2,1400,1,remote,closed
JOB00049,CLI042,RA008,2025-06-26,2025-12-01,OCC003,LOC005,2,1500,2,onsite,closed
JOB00050,CLI059,RA005,2025-10-07,2026-02-21,OCC007,LOC001,1,2150,2,onsite,closed
JOB00051,CLI036,RA009,2025-09-02,2026-01-09,OCC001,LOC002,3,1350,1,hybrid,closed
JOB00052,CLI060,RA005,2025-08-14,2025-12-14,OCC007,LOC008,1,1900,2,hybrid,closed
JOB00053,CLI031,RA004,2025-12-05,2026-04-21,OCC006,LOC007,1,2150,3,onsite,closed
JOB00054,CLI042,RA005,2025-11-20,2026-03-12,OCC008,LOC001,1,3150,5,onsite,closed
JOB00055,CLI024,RA004,2025-09-01,,OCC010,LOC002,1,2850,5,onsite,open
JOB00056,CLI096,RA012,2025-12-18,2026-05-24,OCC008,LOC001,3,2900,4,onsite,closed
JOB00057,CLI032,RA012,2025-04-18,2025-07-06,OCC008,LOC006,4,3000,4,onsite,closed
JOB00058,CLI039,RA007,2025-09-08,2026-02-07,OCC010,LOC001,1,2700,3,hybrid,closed
JOB00059,CLI037,RA008,2025-12-06,2026-03-22,OCC005,LOC007,1,2000,4,onsite,closed
JOB00060,CLI011,RA001,2025-07-26,2025-11-27,OCC004,LOC006,1,2050,3,onsite,closed
JOB00061,CLI093,RA010,2025-08-03,2025-11-17,OCC002,LOC001,1,1350,2,onsite,closed
JOB00062,CLI079,RA011,2025-07-26,2025-11-08,OCC003,LOC001,3,1600,2,hybrid,closed
JOB00063,CLI044,RA003,2025-10-11,,OCC003,LOC002,2,1600,2,onsite,open
JOB00064,CLI084,RA001,2025-08-06,2025-10-08,OCC002,LOC001,2,1200,1,onsite,closed
JOB00065,CLI022,RA010,2025-06-09,2025-08-22,OCC006,LOC005,1,2050,3,remote,closed
JOB00066,CLI033,RA011,2025-10-27,2026-01-17,OCC009,LOC006,1,3000,3,onsite,closed
JOB00067,CLI002,RA004,2025-10-24,2026-02-06,OCC003,LOC003,3,1550,2,hybrid,closed
JOB00068,CLI073,RA009,2025-05-07,2025-10-06,OCC001,LOC006,1,1350,1,remote,closed
JOB00069,CLI078,RA008,2025-04-24,2025-10-05,OCC010,LOC003,1,2550,3,hybrid,closed
JOB00070,CLI079,RA008,2025-05-22,,OCC003,LOC001,1,1450,2,hybrid,open
JOB00071,CLI067,RA006,2025-05-05,,OCC003,LOC006,1,1400,2,onsite,open
JOB00072,CLI018,RA001,2025-05-05,2025-09-12,OCC003,LOC001,1,1550,2,onsite,closed
JOB00073,CLI075,RA010,2025-08-27,,OCC007,LOC001,2,2150,3,onsite,open
JOB00074,CLI022,RA003,2025-06-22,2025-09-07,OCC007,LOC002,1,2150,3,remote,closed
JOB00075,CLI068,RA003,2025-04-04,2025-06-14,OCC007,LOC002,2,2350,4,hybrid,closed
JOB00076,CLI095,RA003,2025-11-09,2026-03-20,OCC010,LOC006,2,2750,4,hybrid,closed
JOB00077,CLI098,RA010,2025-05-03,2025-10-07,OCC008,LOC003,1,2900,4,onsite,closed
JOB00078,CLI085,RA001,2025-10-03,2026-01-11,OCC004,LOC002,1,2100,3,hybrid,closed
JOB00079,CLI097,RA001,2025-07-25,2026-01-21,OCC008,LOC001,1,3000,4,onsite,closed
JOB00080,CLI031,RA009,2025-08-03,2025-10-03,OCC008,LOC001,2,3100,5,onsite,closed
JOB00081,CLI100,RA003,2025-05-13,2025-09-17,OCC003,LOC007,1,1400,2,onsite,closed
JOB00082,CLI083,RA008,2025-05-02,2025-09-10,OCC009,LOC007,2,3200,4,onsite,closed
JOB00083,CLI091,RA001,2025-12-18,2026-04-02,OCC003,LOC001,1,1500,2,onsite,closed
JOB00084,CLI091,RA002,2025-12-28,2026-03-19,OCC001,LOC007,3,1200,1,onsite,closed
JOB00085,CLI056,RA004,2025-08-01,,OCC001,LOC001,2,1500,2,hybrid,open
JOB00086,CLI084,RA003,2025-05-19,,OCC002,LOC004,1,1200,1,onsite,open
JOB00087,CLI052,RA007,2025-04-18,2025-09-30,OCC010,LOC003,2,2650,4,onsite,closed
JOB00088,CLI067,RA010,2025-07-02,2025-11-17,OCC002,LOC004,2,1200,1,onsite,closed
JOB00089,CLI054,RA004,2025-09-29,2025-12-29,OCC009,LOC004,1,3150,4,onsite,closed
JOB00090,CLI046,RA005,2025-06-28,2025-10-04,OCC001,LOC001,2,1300,1,onsite,closed
JOB00091,CLI050,RA012,2025-10-21,2025-12-23,OCC002,LOC003,2,1250,1,onsite,closed
JOB00092,CLI072,RA009,2025-11-22,2026-05-17,OCC002,LOC001,2,1200,1,hybrid,closed
JOB00093,CLI094,RA013,2025-09-16,2025-12-12,OCC002,LOC008,2,1200,1,hybrid,closed
JOB00094,CLI084,RA012,2025-12-25,2026-04-23,OCC008,LOC006,1,2900,4,hybrid,closed
JOB00095,CLI029,RA007,2025-08-17,,OCC007,LOC002,2,2100,3,onsite,open
JOB00096,CLI017,RA002,2025-11-15,,OCC006,LOC002,1,2250,3,onsite,open
JOB00097,CLI003,RA010,2025-05-04,2025-08-23,OCC004,LOC002,4,2200,4,hybrid,closed
JOB00098,CLI018,RA012,2025-05-07,2025-10-24,OCC002,LOC001,1,1200,1,onsite,closed
JOB00099,CLI045,RA006,2025-09-05,2025-12-02,OCC001,LOC001,1,1350,1,onsite,closed
JOB00100,CLI060,RA008,2025-07-24,2025-12-27,OCC010,LOC003,2,2750,4,onsite,closed
JOB00101,CLI073,RA002,2025-06-10,,OCC006,LOC002,1,2300,4,onsite,open
JOB00102,CLI095,RA009,2025-09-11,2025-12-27,OCC002,LOC002,1,1200,1,hybrid,closed
JOB00103,CLI059,RA004,2025-10-07,2026-01-23,OCC005,LOC001,3,2100,3,hybrid,closed
JOB00104,CLI088,RA002,2025-08-18,2025-10-25,OCC008,LOC007,1,2950,4,onsite,closed
JOB00105,CLI074,RA005,2025-04-30,2025-08-23,OCC003,LOC002,2,1550,2,hybrid,closed
JOB00106,CLI021,RA009,2025-05-11,2025-07-22,OCC004,LOC002,2,2050,3,onsite,closed
JOB00107,CLI088,RA007,2025-08-03,2025-10-15,OCC001,LOC001,1,1400,1,onsite,closed
JOB00108,CLI002,RA001,2025-04-28,2025-10-17,OCC004,LOC003,2,2200,3,hybrid,closed
JOB00109,CLI096,RA007,2025-04-05,2025-08-04,OCC004,LOC002,2,2050,3,hybrid,closed
JOB00110,CLI016,RA012,2025-12-13,2026-04-21,OCC007,LOC002,1,1950,2,onsite,closed
JOB00111,CLI082,RA004,2025-04-12,2025-08-14,OCC008,LOC001,3,2950,4,onsite,closed
JOB00112,CLI022,RA004,2025-05-25,2025-07-25,OCC003,LOC001,1,1500,2,onsite,closed
JOB00113,CLI085,RA009,2025-06-12,2025-11-09,OCC001,LOC001,2,1450,1,onsite,closed
JOB00114,CLI081,RA010,2025-07-04,2025-11-29,OCC001,LOC006,1,1200,2,onsite,closed
JOB00115,CLI002,RA009,2025-05-18,2025-09-11,OCC005,LOC006,1,1950,3,remote,closed
JOB00116,CLI020,RA013,2025-08-03,2025-11-13,OCC007,LOC008,1,2000,3,remote,closed
JOB00117,CLI084,RA013,2025-09-16,2025-11-16,OCC004,LOC005,2,2150,3,onsite,closed
JOB00118,CLI032,RA006,2025-08-09,2025-11-07,OCC010,LOC006,1,2850,5,onsite,closed
JOB00119,CLI037,RA003,2025-06-16,2025-09-04,OCC009,LOC003,2,3000,3,onsite,closed
JOB00120,CLI038,RA007,2025-06-12,2025-10-06,OCC004,LOC001,1,1950,2,hybrid,closed
JOB00121,CLI018,RA013,2025-08-25,2025-12-23,OCC009,LOC001,1,3050,4,hybrid,closed
JOB00122,CLI038,RA011,2025-04-01,2025-09-09,OCC007,LOC001,2,2200,4,onsite,closed
JOB00123,CLI020,RA007,2025-08-23,2026-02-07,OCC005,LOC001,1,1950,3,hybrid,closed
JOB00124,CLI064,RA007,2025-04-24,2025-10-09,OCC009,LOC004,2,2950,3,remote,closed
JOB00125,CLI038,RA003,2025-06-15,2025-10-17,OCC002,LOC004,1,1300,1,hybrid,closed
JOB00126,CLI041,RA013,2025-10-07,2026-02-15,OCC005,LOC001,2,2050,3,hybrid,closed
JOB00127,CLI092,RA003,2025-04-29,,OCC006,LOC001,1,2200,3,onsite,open
JOB00128,CLI074,RA002,2025-12-26,2026-05-06,OCC005,LOC006,1,1900,3,onsite,closed
JOB00129,CLI008,RA013,2025-07-04,,OCC010,LOC001,2,2850,4,onsite,open
JOB00130,CLI066,RA010,2025-11-25,2026-04-15,OCC008,LOC001,2,2900,4,remote,closed
JOB00131,CLI077,RA006,2025-07-18,2025-09-23,OCC006,LOC002,1,2200,3,onsite,closed
JOB00132,CLI012,RA009,2025-12-22,2026-04-16,OCC004,LOC001,1,2050,3,hybrid,closed
JOB00133,CLI053,RA006,2025-11-24,2026-03-08,OCC002,LOC003,2,1200,1,onsite,closed
JOB00134,CLI076,RA007,2025-09-25,2026-01-15,OCC004,LOC001,1,1950,3,hybrid,closed
JOB00135,CLI089,RA004,2025-10-13,2026-04-03,OCC005,LOC003,2,2050,3,onsite,closed
JOB00136,CLI052,RA007,2025-11-30,2026-05-29,OCC004,LOC001,2,2100,4,onsite,closed
JOB00137,CLI097,RA013,2025-04-10,2025-09-28,OCC009,LOC004,2,3100,4,hybrid,closed
JOB00138,CLI091,RA006,2025-04-15,,OCC010,LOC007,1,2750,4,onsite,open
JOB00139,CLI011,RA006,2025-05-26,2025-11-12,OCC006,LOC003,3,2150,2,onsite,closed
JOB00140,CLI032,RA007,2025-08-26,2026-01-14,OCC007,LOC006,2,2200,4,hybrid,closed
JOB00141,CLI051,RA004,2025-11-21,2026-04-06,OCC006,LOC002,2,2300,4,remote,closed
JOB00142,CLI036,RA004,2025-05-16,,OCC009,LOC005,3,3050,4,hybrid,open
JOB00143,CLI015,RA011,2025-12-03,2026-03-06,OCC005,LOC004,1,1950,3,hybrid,closed
JOB00144,CLI094,RA013,2025-06-26,2025-11-24,OCC002,LOC001,2,1200,1,hybrid,closed
JOB00145,CLI003,RA005,2025-06-13,2025-12-10,OCC010,LOC002,1,2750,4,onsite,closed
JOB00146,CLI085,RA002,2025-05-16,2025-08-09,OCC005,LOC001,1,1900,3,onsite,closed
JOB00147,CLI033,RA012,2025-06-18,2025-09-28,OCC004,LOC004,2,2250,4,onsite,closed
JOB00148,CLI085,RA002,2025-10-09,2026-02-08,OCC005,LOC001,2,1900,3,onsite,closed
JOB00149,CLI037,RA008,2025-10-07,2026-01-11,OCC001,LOC001,1,1400,2,onsite,closed
JOB00150,CLI005,RA003,2025-08-07,2025-12-30,OCC007,LOC008,2,2000,2,remote,closed
JOB00151,CLI019,RA001,2025-06-10,2025-09-05,OCC009,LOC001,3,3350,4,hybrid,closed
JOB00152,CLI093,RA007,2025-07-09,,OCC004,LOC002,1,2200,3,hybrid,open
JOB00153,CLI046,RA004,2025-06-25,2025-10-24,OCC010,LOC005,2,2750,4,hybrid,closed
JOB00154,CLI002,RA008,2025-07-30,2025-12-03,OCC010,LOC001,1,2950,4,hybrid,closed
JOB00155,CLI011,RA013,2025-09-27,,OCC008,LOC003,1,3000,4,onsite,open
JOB00156,CLI085,RA012,2025-08-25,2025-11-02,OCC009,LOC003,2,3050,4,onsite,closed
JOB00157,CLI047,RA001,2025-06-15,2025-09-27,OCC009,LOC006,1,3100,4,remote,closed
JOB00158,CLI018,RA013,2025-04-20,2025-09-29,OCC010,LOC001,2,2750,3,hybrid,closed
JOB00159,CLI063,RA012,2025-11-05,2026-04-21,OCC001,LOC001,2,1250,1,onsite,closed
JOB00160,CLI076,RA012,2025-05-13,,OCC002,LOC007,1,1300,2,remote,open
JOB00161,CLI020,RA009,2025-06-25,,OCC010,LOC001,1,2800,5,onsite,open
JOB00162,CLI083,RA005,2025-04-03,2025-08-26,OCC003,LOC005,1,1600,2,onsite,closed
JOB00163,CLI079,RA004,2025-04-19,2025-10-13,OCC003,LOC006,1,1550,2,onsite,closed
JOB00164,CLI054,RA003,2025-06-14,2025-09-18,OCC009,LOC001,2,3100,5,remote,closed
JOB00165,CLI092,RA013,2025-11-09,2026-04-16,OCC008,LOC002,2,3050,4,onsite,closed
JOB00166,CLI095,RA012,2025-06-14,2025-11-20,OCC003,LOC001,2,1550,3,onsite,closed
JOB00167,CLI031,RA004,2025-08-06,,OCC010,LOC005,3,2650,4,hybrid,open
JOB00168,CLI059,RA010,2025-05-11,2025-08-20,OCC003,LOC001,2,1450,3,onsite,closed
JOB00169,CLI065,RA004,2025-04-17,2025-07-22,OCC009,LOC001,1,3000,4,hybrid,closed
JOB00170,CLI030,RA007,2025-12-03,2026-03-30,OCC007,LOC001,2,2100,3,onsite,closed
JOB00171,CLI062,RA002,2025-08-27,2026-01-29,OCC002,LOC008,1,1200,1,hybrid,closed
JOB00172,CLI031,RA002,2025-06-28,2025-11-22,OCC007,LOC003,1,2200,3,hybrid,closed
JOB00173,CLI064,RA010,2025-09-24,2026-03-16,OCC010,LOC002,4,2750,4,onsite,closed
JOB00174,CLI010,RA002,2025-07-17,,OCC007,LOC004,1,1850,3,remote,open
JOB00175,CLI052,RA012,2025-07-28,,OCC009,LOC004,1,3200,4,onsite,open
JOB00176,CLI081,RA013,2025-08-03,2025-12-18,OCC001,LOC001,4,1400,2,hybrid,closed
JOB00177,CLI032,RA010,2025-05-02,2025-08-12,OCC010,LOC001,1,2750,4,remote,closed
JOB00178,CLI025,RA002,2025-06-15,2025-09-12,OCC001,LOC006,1,1300,1,hybrid,closed
JOB00179,CLI021,RA009,2025-07-30,2025-11-14,OCC003,LOC002,1,1450,3,hybrid,closed
JOB00180,CLI076,RA001,2025-07-23,,OCC008,LOC001,1,3000,4,onsite,open
JOB00181,CLI089,RA012,2025-12-29,2026-06-06,OCC007,LOC002,2,2150,3,onsite,closed
JOB00182,CLI065,RA011,2025-09-05,2026-01-08,OCC003,LOC005,2,1450,2,hybrid,closed
JOB00183,CLI081,RA008,2025-10-13,2025-12-31,OCC008,LOC001,2,2950,3,onsite,closed
JOB00184,CLI081,RA001,2025-12-20,2026-03-09,OCC001,LOC007,3,1450,1,onsite,closed
JOB00185,CLI053,RA003,2025-09-01,2025-12-15,OCC003,LOC006,1,1450,1,onsite,closed
JOB00186,CLI061,RA010,2025-04-04,2025-06-25,OCC005,LOC004,1,2000,3,onsite,closed
JOB00187,CLI089,RA004,2025-07-20,,OCC005,LOC001,2,2200,4,onsite,open
JOB00188,CLI037,RA009,2025-07-09,2025-12-13,OCC006,LOC006,2,2150,3,onsite,closed
JOB00189,CLI016,RA010,2025-12-18,,OCC003,LOC001,2,1450,2,hybrid,open
JOB00190,CLI034,RA001,2025-08-29,2026-02-03,OCC004,LOC008,1,2200,4,hybrid,closed
JOB00191,CLI072,RA002,2025-07-13,2025-12-11,OCC007,LOC002,1,2100,3,hybrid,closed
JOB00192,CLI091,RA006,2025-08-12,2025-12-01,OCC005,LOC001,2,2050,3,onsite,closed
JOB00193,CLI017,RA013,2025-10-06,2025-12-12,OCC009,LOC004,2,3000,3,hybrid,closed
JOB00194,CLI039,RA013,2025-09-22,2026-03-18,OCC002,LOC006,1,1250,1,hybrid,closed
JOB00195,CLI004,RA012,2025-06-03,2025-09-04,OCC006,LOC001,1,2300,4,onsite,closed
JOB00196,CLI013,RA004,2025-11-15,2026-03-28,OCC003,LOC005,1,1550,2,onsite,closed
JOB00197,CLI017,RA007,2025-06-25,2025-11-28,OCC005,LOC007,2,1900,3,onsite,closed
JOB00198,CLI057,RA008,2025-08-17,2025-12-25,OCC006,LOC002,2,2150,3,onsite,closed
JOB00199,CLI005,RA008,2025-05-08,2025-09-09,OCC006,LOC001,2,2350,4,onsite,closed
JOB00200,CLI033,RA006,2025-04-15,,OCC001,LOC001,2,1200,1,onsite,open
JOB00201,CLI068,RA001,2025-09-25,2026-01-19,OCC002,LOC004,1,1300,1,onsite,closed
JOB00202,CLI022,RA012,2025-11-01,2026-01-25,OCC001,LOC003,1,1500,2,hybrid,closed
JOB00203,CLI097,RA002,2025-04-14,2025-08-11,OCC002,LOC004,2,1200,1,hybrid,closed
JOB00204,CLI071,RA008,2025-12-02,2026-03-30,OCC007,LOC005,3,2050,4,onsite,closed
JOB00205,CLI085,RA006,2025-12-03,2026-02-18,OCC005,LOC006,1,1900,2,remote,closed
JOB00206,CLI025,RA006,2025-12-22,2026-05-28,OCC001,LOC006,2,1350,1,remote,closed
JOB00207,CLI012,RA007,2025-11-26,2026-01-26,OCC002,LOC001,3,1250,1,remote,closed
JOB00208,CLI066,RA002,2025-07-05,2025-10-18,OCC006,LOC008,1,2200,3,hybrid,closed
JOB00209,CLI095,RA002,2025-04-14,2025-09-22,OCC008,LOC006,2,3000,5,hybrid,closed
JOB00210,CLI057,RA010,2025-09-08,2025-11-15,OCC001,LOC001,1,1200,1,onsite,closed
JOB00211,CLI056,RA011,2025-09-03,2025-12-31,OCC005,LOC004,4,2200,4,onsite,closed
JOB00212,CLI088,RA010,2025-09-06,,OCC003,LOC002,3,1450,2,onsite,open
JOB00213,CLI006,RA001,2025-08-07,2025-10-31,OCC008,LOC004,2,3100,5,onsite,closed
JOB00214,CLI010,RA001,2025-09-02,2025-12-29,OCC002,LOC001,3,1200,1,onsite,closed
JOB00215,CLI055,RA006,2025-10-18,2026-01-02,OCC005,LOC001,2,1950,3,hybrid,closed
JOB00216,CLI040,RA002,2025-05-03,2025-10-25,OCC003,LOC008,2,1500,2,hybrid,closed
JOB00217,CLI049,RA009,2025-12-28,,OCC010,LOC001,3,2700,4,onsite,open
JOB00218,CLI038,RA011,2025-06-10,2025-09-20,OCC005,LOC001,2,1800,3,hybrid,closed
JOB00219,CLI083,RA010,2025-09-24,2026-02-14,OCC007,LOC001,1,2200,4,onsite,closed
JOB00220,CLI090,RA011,2025-08-31,2026-02-09,OCC004,LOC006,1,2200,4,onsite,closed
JOB00221,CLI035,RA013,2025-12-09,2026-04-11,OCC002,LOC004,1,1200,1,remote,closed
JOB00222,CLI070,RA010,2025-05-19,2025-08-05,OCC003,LOC006,3,1500,1,remote,closed
JOB00223,CLI074,RA006,2025-06-15,2025-09-22,OCC002,LOC008,2,1200,1,onsite,closed
JOB00224,CLI015,RA012,2025-06-17,2025-10-01,OCC004,LOC001,1,2000,3,remote,closed
JOB00225,CLI097,RA012,2025-08-22,2025-10-26,OCC001,LOC004,2,1200,1,onsite,closed
JOB00226,CLI076,RA001,2025-11-30,2026-05-20,OCC006,LOC001,1,2050,2,onsite,closed
JOB00227,CLI013,RA004,2025-09-22,2026-01-11,OCC007,LOC002,1,2050,3,remote,closed
JOB00228,CLI097,RA005,2025-09-06,2026-02-24,OCC003,LOC002,1,1600,2,hybrid,closed
JOB00229,CLI010,RA001,2025-07-27,2025-11-18,OCC005,LOC006,4,2000,3,hybrid,closed
JOB00230,CLI070,RA009,2025-05-17,2025-08-17,OCC007,LOC001,1,2000,3,hybrid,closed
JOB00231,CLI071,RA003,2025-09-02,2025-11-06,OCC004,LOC002,1,2250,3,remote,closed
JOB00232,CLI072,RA012,2025-09-18,2026-03-11,OCC009,LOC005,1,2950,3,hybrid,closed
JOB00233,CLI082,RA008,2025-06-25,2025-12-22,OCC005,LOC007,3,1950,3,onsite,closed
JOB00234,CLI087,RA005,2025-10-29,,OCC009,LOC002,1,3100,4,onsite,open
JOB00235,CLI030,RA003,2025-06-18,2025-08-19,OCC009,LOC001,2,3050,4,onsite,closed
JOB00236,CLI098,RA007,2025-04-08,2025-09-02,OCC010,LOC008,1,2700,4,hybrid,closed
JOB00237,CLI008,RA011,2025-05-09,,OCC006,LOC001,1,2400,4,onsite,open
JOB00238,CLI036,RA005,2025-12-27,2026-05-16,OCC009,LOC001,1,3150,3,remote,closed
JOB00239,CLI001,RA009,2025-10-13,2026-02-09,OCC003,LOC002,1,1650,3,remote,closed
JOB00240,CLI059,RA010,2025-06-01,2025-11-21,OCC010,LOC003,2,2650,4,onsite,closed
JOB00241,CLI060,RA002,2025-09-22,2025-12-25,OCC001,LOC007,2,1450,1,onsite,closed
JOB00242,CLI052,RA010,2025-12-16,2026-02-20,OCC001,LOC001,1,1450,2,onsite,closed
JOB00243,CLI067,RA004,2025-04-21,2025-10-17,OCC003,LOC001,2,1600,2,hybrid,closed
JOB00244,CLI073,RA002,2025-06-10,,OCC008,LOC006,2,3150,4,onsite,open
JOB00245,CLI097,RA010,2025-12-12,2026-03-06,OCC002,LOC004,2,1200,1,onsite,closed
JOB00246,CLI075,RA013,2025-10-08,2026-01-23,OCC004,LOC004,1,1950,2,hybrid,closed
JOB00247,CLI083,RA010,2025-10-26,2026-04-07,OCC006,LOC001,1,2150,3,remote,closed
JOB00248,CLI053,RA004,2025-08-19,2025-12-13,OCC003,LOC008,1,1650,2,onsite,closed
JOB00249,CLI032,RA012,2025-06-17,2025-09-26,OCC004,LOC004,2,2150,3,hybrid,closed
JOB00250,CLI025,RA001,2025-12-28,2026-05-11,OCC004,LOC007,1,2100,4,remote,closed
JOB00251,CLI007,RA001,2025-08-02,2025-11-05,OCC010,LOC001,1,2650,4,onsite,closed
JOB00252,CLI042,RA009,2025-04-10,2025-10-06,OCC002,LOC001,1,1200,1,onsite,closed
JOB00253,CLI064,RA003,2025-09-28,2026-02-09,OCC001,LOC008,1,1300,2,onsite,closed
JOB00254,CLI007,RA013,2025-04-27,2025-07-28,OCC006,LOC001,2,2300,3,onsite,closed
JOB00255,CLI023,RA011,2025-12-06,2026-03-26,OCC001,LOC007,2,1400,1,onsite,closed
JOB00256,CLI030,RA007,2025-12-22,,OCC003,LOC006,1,1450,2,onsite,open
JOB00257,CLI036,RA011,2025-05-17,2025-09-06,OCC002,LOC007,1,1350,1,onsite,closed
JOB00258,CLI008,RA012,2025-07-07,2025-12-04,OCC003,LOC005,2,1550,2,onsite,closed
JOB00259,CLI031,RA013,2025-05-10,,OCC002,LOC002,1,1200,1,hybrid,open
JOB00260,CLI013,RA006,2025-07-22,2026-01-12,OCC006,LOC007,1,2150,3,onsite,closed
JOB00261,CLI027,RA001,2025-04-02,2025-09-16,OCC004,LOC004,1,2200,3,hybrid,closed
JOB00262,CLI044,RA009,2025-10-19,2026-04-07,OCC007,LOC006,1,2100,3,onsite,closed
JOB00263,CLI016,RA006,2025-11-03,,OCC005,LOC004,1,2000,3,remote,open
JOB00264,CLI055,RA013,2025-04-04,2025-08-04,OCC002,LOC001,2,1200,1,hybrid,closed
JOB00265,CLI077,RA010,2025-12-11,2026-04-18,OCC002,LOC001,2,1350,2,remote,closed
JOB00266,CLI039,RA013,2025-04-21,2025-08-06,OCC008,LOC001,1,2950,4,onsite,closed
JOB00267,CLI071,RA001,2025-10-13,2026-04-07,OCC002,LOC006,4,1200,1,onsite,closed
JOB00268,CLI037,RA011,2025-07-08,2025-12-12,OCC005,LOC005,1,2100,4,onsite,closed
JOB00269,CLI055,RA005,2025-05-10,2025-11-03,OCC002,LOC001,1,1450,1,onsite,closed
JOB00270,CLI017,RA012,2025-04-19,2025-09-01,OCC010,LOC002,2,2650,4,hybrid,closed
JOB00271,CLI072,RA007,2025-08-30,2026-02-05,OCC001,LOC001,3,1200,1,onsite,closed
JOB00272,CLI057,RA001,2025-10-19,2026-01-26,OCC007,LOC004,1,2100,3,hybrid,closed
JOB00273,CLI036,RA009,2025-05-04,2025-08-23,OCC002,LOC004,3,1250,1,onsite,closed
JOB00274,CLI039,RA002,2025-12-02,2026-04-13,OCC001,LOC006,2,1200,1,onsite,closed
JOB00275,CLI052,RA003,2025-09-23,2026-03-21,OCC005,LOC001,1,1900,3,onsite,closed
JOB00276,CLI019,RA004,2025-04-15,2025-09-21,OCC007,LOC001,1,2200,3,hybrid,closed
JOB00277,CLI062,RA008,2025-11-25,2026-02-04,OCC006,LOC008,1,2150,3,onsite,closed
JOB00278,CLI079,RA013,2025-06-18,2025-11-21,OCC003,LOC002,3,1500,2,onsite,closed
JOB00279,CLI072,RA010,2025-09-01,2025-12-20,OCC003,LOC007,2,1400,2,hybrid,closed
JOB00280,CLI037,RA012,2025-06-16,2025-09-30,OCC010,LOC003,1,2750,4,hybrid,closed
JOB00281,CLI025,RA006,2025-05-29,2025-11-24,OCC005,LOC001,2,1900,3,remote,closed
JOB00282,CLI034,RA006,2025-12-05,,OCC005,LOC002,1,2050,3,hybrid,open
JOB00283,CLI075,RA010,2025-04-24,2025-10-10,OCC003,LOC002,1,1500,2,onsite,closed
JOB00284,CLI015,RA003,2025-09-16,2025-12-18,OCC005,LOC003,2,1950,3,hybrid,closed
JOB00285,CLI013,RA012,2025-10-22,2026-03-19,OCC005,LOC004,1,1900,3,onsite,closed
JOB00286,CLI068,RA010,2025-09-06,2026-01-17,OCC008,LOC006,1,3050,5,hybrid,closed
JOB00287,CLI048,RA008,2025-11-13,2026-04-15,OCC009,LOC004,4,3100,4,hybrid,closed
JOB00288,CLI030,RA007,2025-11-07,2026-04-14,OCC003,LOC001,1,1700,2,remote,closed
JOB00289,CLI097,RA007,2025-06-25,2025-09-15,OCC006,LOC002,4,2150,2,hybrid,closed
JOB00290,CLI084,RA012,2025-06-30,2025-09-02,OCC009,LOC005,1,3200,5,onsite,closed
JOB00291,CLI033,RA002,2025-09-14,2026-02-03,OCC001,LOC001,1,1350,1,remote,closed
JOB00292,CLI035,RA003,2025-06-27,2025-08-30,OCC007,LOC001,2,2050,3,onsite,closed
JOB00293,CLI094,RA006,2025-04-19,2025-06-26,OCC002,LOC001,3,1200,1,onsite,closed
JOB00294,CLI042,RA001,2025-08-15,2025-12-19,OCC010,LOC001,2,2800,4,onsite,closed
JOB00295,CLI002,RA001,2025-08-05,2026-01-05,OCC004,LOC003,3,2200,3,hybrid,closed
JOB00296,CLI097,RA003,2025-10-07,,OCC001,LOC005,1,1400,1,onsite,open
JOB00297,CLI037,RA011,2025-11-22,2026-04-30,OCC003,LOC001,1,1500,2,hybrid,closed
JOB00298,CLI012,RA002,2025-04-09,2025-07-31,OCC001,LOC006,2,1250,1,hybrid,closed
JOB00299,CLI040,RA011,2025-07-30,2025-11-10,OCC005,LOC001,2,1900,3,hybrid,closed
JOB00300,CLI064,RA004,2025-05-06,2025-11-02,OCC009,LOC003,2,3100,5,remote,closed
JOB00301,CLI038,RA003,2025-04-06,2025-09-29,OCC002,LOC003,1,1200,1,onsite,closed
JOB00302,CLI017,RA003,2025-08-20,2025-10-20,OCC006,LOC006,2,2150,3,hybrid,closed
JOB00303,CLI002,RA003,2025-11-22,2026-05-16,OCC006,LOC008,1,2100,3,remote,closed
JOB00304,CLI036,RA001,2025-05-24,2025-10-20,OCC010,LOC001,2,2600,3,onsite,closed
JOB00305,CLI082,RA012,2025-10-22,2025-12-25,OCC008,LOC001,1,2950,4,hybrid,closed
JOB00306,CLI035,RA012,2025-06-02,2025-11-11,OCC010,LOC006,2,2900,4,onsite,closed
JOB00307,CLI061,RA005,2025-07-23,2026-01-06,OCC002,LOC005,1,1250,1,onsite,closed
JOB00308,CLI097,RA006,2025-12-11,2026-04-06,OCC005,LOC004,1,1900,3,remote,closed
JOB00309,CLI034,RA007,2025-04-06,2025-07-31,OCC002,LOC004,2,1200,1,hybrid,closed
JOB00310,CLI057,RA006,2025-11-13,,OCC009,LOC008,1,3050,5,hybrid,open
JOB00311,CLI010,RA005,2025-04-17,2025-10-11,OCC003,LOC001,1,1650,2,hybrid,closed
JOB00312,CLI073,RA009,2025-08-06,2025-10-24,OCC001,LOC006,2,1400,1,hybrid,closed
JOB00313,CLI070,RA003,2025-09-04,2026-01-14,OCC003,LOC001,1,1600,2,hybrid,closed
JOB00314,CLI042,RA006,2025-08-08,2025-11-24,OCC005,LOC002,3,1950,3,remote,closed
JOB00315,CLI056,RA001,2025-05-16,2025-09-08,OCC010,LOC001,1,2700,4,hybrid,closed
JOB00316,CLI012,RA002,2025-04-09,2025-08-08,OCC002,LOC002,2,1400,2,remote,closed
JOB00317,CLI087,RA006,2025-06-02,2025-11-14,OCC006,LOC008,1,2300,3,onsite,closed
JOB00318,CLI085,RA001,2025-09-12,2026-01-12,OCC001,LOC002,2,1250,1,onsite,closed
JOB00319,CLI062,RA013,2025-04-18,2025-07-25,OCC007,LOC002,1,2050,3,hybrid,closed
JOB00320,CLI063,RA007,2025-06-09,2025-11-26,OCC006,LOC001,3,2250,3,hybrid,closed
JOB00321,CLI021,RA005,2025-11-24,,OCC008,LOC001,2,2900,3,onsite,open
JOB00322,CLI069,RA006,2025-04-05,2025-07-10,OCC008,LOC006,2,3000,5,onsite,closed
JOB00323,CLI019,RA009,2025-10-12,2026-02-06,OCC003,LOC001,3,1500,2,onsite,closed
JOB00324,CLI040,RA011,2025-12-31,2026-03-11,OCC001,LOC007,1,1500,2,onsite,closed
JOB00325,CLI014,RA010,2025-07-23,2025-12-01,OCC005,LOC006,3,2050,3,onsite,closed
JOB00326,CLI073,RA005,2025-06-16,2025-11-26,OCC005,LOC006,1,2050,3,onsite,closed
JOB00327,CLI042,RA013,2025-05-16,2025-08-28,OCC007,LOC002,2,2100,3,onsite,closed
JOB00328,CLI097,RA010,2025-12-22,2026-04-09,OCC001,LOC002,1,1350,1,onsite,closed
JOB00329,CLI054,RA011,2025-08-20,2025-12-13,OCC008,LOC001,1,2850,4,hybrid,closed
JOB00330,CLI021,RA005,2025-12-14,2026-04-23,OCC005,LOC001,2,1850,3,remote,closed
JOB00331,CLI027,RA013,2025-10-15,2026-03-01,OCC008,LOC005,1,3050,4,onsite,closed
JOB00332,CLI007,RA001,2025-09-28,2026-02-17,OCC007,LOC002,1,2050,3,remote,closed
JOB00333,CLI016,RA008,2025-08-14,,OCC002,LOC002,1,1200,1,hybrid,open
JOB00334,CLI039,RA013,2025-12-30,2026-06-03,OCC010,LOC005,2,2850,4,onsite,closed
JOB00335,CLI090,RA006,2025-11-02,2026-02-08,OCC007,LOC006,1,2250,4,hybrid,closed
JOB00336,CLI099,RA011,2025-10-11,2026-02-26,OCC005,LOC001,2,2200,4,hybrid,closed
JOB00337,CLI048,RA013,2025-12-17,2026-04-22,OCC001,LOC002,2,1600,2,onsite,closed
JOB00338,CLI036,RA003,2025-07-23,2025-10-03,OCC006,LOC004,1,2250,3,onsite,closed
JOB00339,CLI069,RA006,2025-09-22,2026-02-21,OCC010,LOC008,1,2900,4,remote,closed
JOB00340,CLI066,RA009,2025-07-06,2025-11-28,OCC001,LOC001,2,1300,1,onsite,closed
JOB00341,CLI062,RA010,2025-08-21,,OCC004,LOC001,2,2050,3,hybrid,open
JOB00342,CLI021,RA005,2025-04-06,2025-08-29,OCC007,LOC004,2,2150,3,onsite,closed
JOB00343,CLI093,RA007,2025-10-27,2026-03-17,OCC002,LOC005,1,1200,1,hybrid,closed
JOB00344,CLI087,RA012,2025-12-09,2026-04-28,OCC005,LOC004,2,1950,3,onsite,closed
JOB00345,CLI017,RA005,2025-07-01,,OCC002,LOC008,2,1300,1,hybrid,open
JOB00346,CLI098,RA008,2025-07-18,2025-11-01,OCC003,LOC006,1,1450,3,hybrid,closed
JOB00347,CLI075,RA008,2025-12-12,,OCC003,LOC006,1,1550,2,onsite,open
JOB00348,CLI062,RA002,2025-04-11,2025-07-31,OCC003,LOC004,2,1400,2,hybrid,closed
JOB00349,CLI099,RA009,2025-08-24,2025-11-12,OCC001,LOC002,3,1400,1,onsite,closed
JOB00350,CLI029,RA010,2025-08-03,2025-11-02,OCC003,LOC002,2,1550,2,hybrid,closed
JOB00351,CLI052,RA004,2026-01-25,2026-06-14,OCC007,LOC001,1,2100,3,remote,closed
JOB00352,CLI017,RA012,2026-07-18,,OCC003,LOC002,1,1450,2,hybrid,open
JOB00353,CLI045,RA006,2026-09-12,,OCC010,LOC002,1,2850,4,remote,open
JOB00354,CLI080,RA011,2026-02-03,2026-04-04,OCC007,LOC006,2,2150,3,hybrid,closed
JOB00355,CLI020,RA010,2026-05-09,2026-09-30,OCC007,LOC004,3,2100,3,hybrid,closed
JOB00356,CLI097,RA013,2026-06-22,,OCC005,LOC001,2,1950,4,hybrid,open
JOB00357,CLI076,RA006,2026-04-08,2026-07-20,OCC004,LOC001,1,2250,4,onsite,closed
JOB00358,CLI080,RA006,2026-01-16,2026-06-06,OCC003,LOC008,2,1350,1,remote,closed
JOB00359,CLI046,RA003,2026-08-07,,OCC006,LOC001,1,2300,3,hybrid,open
JOB00360,CLI013,RA005,2026-03-13,,OCC006,LOC002,1,2150,2,onsite,open
JOB00361,CLI072,RA009,2026-01-25,,OCC004,LOC001,2,2250,4,hybrid,open
JOB00362,CLI055,RA013,2026-05-03,2026-07-24,OCC006,LOC007,3,2500,4,onsite,closed
JOB00363,CLI095,RA002,2026-02-01,2026-06-22,OCC005,LOC006,1,2300,4,onsite,closed
JOB00364,CLI070,RA012,2026-03-24,2026-06-25,OCC001,LOC002,2,1400,2,onsite,closed
JOB00365,CLI005,RA012,2026-05-26,,OCC004,LOC001,4,2300,4,hybrid,open
JOB00366,CLI050,RA002,2026-02-17,2026-06-04,OCC007,LOC001,3,2300,3,onsite,closed
JOB00367,CLI062,RA014,2026-07-25,,OCC003,LOC006,1,1750,3,onsite,open
JOB00368,CLI074,RA008,2026-01-29,2026-07-14,OCC002,LOC002,4,1350,2,onsite,closed
JOB00369,CLI086,RA007,2026-06-07,,OCC002,LOC002,2,1250,1,onsite,open
JOB00370,CLI049,RA006,2026-07-15,,OCC009,LOC006,2,3300,4,onsite,open
JOB00371,CLI010,RA007,2026-03-24,,OCC001,LOC001,3,1550,2,remote,open
JOB00372,CLI060,RA009,2026-09-09,,OCC003,LOC001,1,1500,2,remote,open
JOB00373,CLI063,RA013,2026-05-22,,OCC007,LOC002,3,2250,4,hybrid,open
JOB00374,CLI095,RA007,2026-09-07,,OCC001,LOC007,3,1250,1,onsite,open
JOB00375,CLI061,RA009,2026-06-25,,OCC005,LOC001,1,2200,4,onsite,open
JOB00376,CLI051,RA014,2026-05-29,,OCC006,LOC006,2,2600,4,onsite,open
JOB00377,CLI055,RA014,2026-07-25,,OCC003,LOC003,1,1500,3,onsite,open
JOB00378,CLI071,RA002,2026-02-05,2026-05-19,OCC005,LOC002,3,2150,4,onsite,closed
JOB00379,CLI048,RA004,2026-05-27,,OCC008,LOC001,1,3250,5,onsite,open
JOB00380,CLI022,RA006,2026-09-13,,OCC010,LOC001,1,2600,4,onsite,open
JOB00381,CLI065,RA006,2026-02-08,2026-06-22,OCC003,LOC008,3,1650,3,remote,closed
JOB00382,CLI009,RA014,2026-06-03,,OCC002,LOC003,1,1200,1,hybrid,open
JOB00383,CLI015,RA006,2026-08-12,,OCC001,LOC006,3,1400,1,hybrid,open
JOB00384,CLI005,RA008,2026-02-28,2026-08-12,OCC009,LOC004,2,3150,4,onsite,closed
JOB00385,CLI062,RA011,2026-01-29,2026-05-06,OCC001,LOC001,3,1350,1,hybrid,closed
JOB00386,CLI039,RA007,2026-07-03,,OCC002,LOC004,2,1200,1,hybrid,open
JOB00387,CLI052,RA001,2026-02-15,2026-05-16,OCC008,LOC001,4,3000,4,onsite,closed
JOB00388,CLI014,RA004,2026-09-01,,OCC007,LOC004,3,2200,3,onsite,open
JOB00389,CLI042,RA005,2026-04-27,2026-07-27,OCC010,LOC002,2,2950,5,onsite,closed
JOB00390,CLI040,RA004,2026-08-17,,OCC004,LOC001,1,2150,3,onsite,open
JOB00391,CLI082,RA009,2026-02-20,2026-05-24,OCC001,LOC004,2,1400,2,onsite,closed
JOB00392,CLI033,RA001,2026-01-24,2026-05-30,OCC002,LOC002,1,1500,3,onsite,closed
JOB00393,CLI036,RA009,2026-08-29,,OCC001,LOC002,1,1300,1,onsite,open
JOB00394,CLI045,RA008,2026-04-18,,OCC005,LOC006,2,2100,3,hybrid,open
JOB00395,CLI084,RA004,2026-07-13,,OCC004,LOC006,1,2050,3,onsite,open
JOB00396,CLI083,RA013,2026-02-26,2026-05-04,OCC007,LOC002,1,2200,3,onsite,closed
JOB00397,CLI076,RA012,2026-07-09,,OCC008,LOC003,3,3000,5,hybrid,open
JOB00398,CLI027,RA001,2026-05-01,,OCC001,LOC005,2,1500,2,onsite,open
JOB00399,CLI019,RA008,2026-04-14,2026-07-21,OCC008,LOC001,1,3150,5,onsite,closed
JOB00400,CLI086,RA013,2026-02-22,2026-07-14,OCC001,LOC006,2,1600,3,hybrid,closed
JOB00401,CLI088,RA005,2026-04-06,2026-08-08,OCC001,LOC003,2,1450,1,onsite,closed
JOB00402,CLI051,RA008,2026-05-04,2026-08-02,OCC010,LOC002,2,3000,4,onsite,closed
JOB00403,CLI017,RA013,2026-02-17,2026-07-25,OCC001,LOC005,1,1250,1,onsite,closed
JOB00404,CLI035,RA009,2026-05-23,,OCC007,LOC001,1,2200,3,hybrid,open
JOB00405,CLI071,RA009,2026-01-01,2026-05-18,OCC009,LOC005,1,3400,5,onsite,closed
JOB00406,CLI040,RA010,2026-09-16,,OCC005,LOC002,2,2050,3,onsite,open
JOB00407,CLI016,RA012,2026-09-15,,OCC003,LOC001,1,1550,3,remote,open
JOB00408,CLI071,RA001,2026-07-01,,OCC002,LOC001,2,1200,1,remote,open
JOB00409,CLI066,RA012,2026-02-02,2026-07-07,OCC010,LOC003,3,2900,4,hybrid,closed
JOB00410,CLI079,RA005,2026-06-24,,OCC002,LOC001,2,1500,2,onsite,open
JOB00411,CLI026,RA002,2026-01-28,,OCC002,LOC003,2,1400,2,hybrid,open
JOB00412,CLI064,RA006,2026-07-30,,OCC003,LOC007,2,1550,3,onsite,open
JOB00413,CLI006,RA010,2026-07-08,,OCC005,LOC001,3,2050,3,hybrid,open
JOB00414,CLI095,RA002,2026-03-02,2026-06-28,OCC006,LOC003,2,2250,3,hybrid,closed
JOB00415,CLI058,RA004,2026-06-06,,OCC004,LOC001,1,2300,3,onsite,open
JOB00416,CLI002,RA013,2026-09-21,,OCC003,LOC003,1,1600,2,hybrid,open
JOB00417,CLI071,RA005,2026-09-18,,OCC003,LOC001,1,1700,3,onsite,open
JOB00418,CLI019,RA013,2026-02-04,2026-05-28,OCC003,LOC001,2,1500,2,hybrid,closed
JOB00419,CLI056,RA013,2026-08-31,,OCC004,LOC002,2,2350,5,hybrid,open
JOB00420,CLI033,RA005,2026-04-07,2026-07-05,OCC008,LOC001,1,3150,5,onsite,closed
JOB00421,CLI018,RA013,2026-06-11,2026-09-15,OCC004,LOC001,1,2100,3,onsite,closed
JOB00422,CLI021,RA007,2026-01-14,,OCC007,LOC001,1,2350,5,onsite,open
JOB00423,CLI013,RA002,2026-05-23,2026-09-09,OCC010,LOC006,2,2800,5,onsite,closed
JOB00424,CLI073,RA007,2026-01-05,2026-04-26,OCC005,LOC002,1,2200,4,onsite,closed
JOB00425,CLI038,RA002,2026-09-27,,OCC008,LOC005,2,3000,4,onsite,open
JOB00426,CLI070,RA003,2026-04-11,,OCC002,LOC005,3,1350,2,remote,open
JOB00427,CLI053,RA014,2026-09-21,,OCC001,LOC001,1,1450,2,onsite,open
JOB00428,CLI041,RA003,2026-05-06,,OCC002,LOC003,2,1200,2,remote,open
JOB00429,CLI088,RA007,2026-09-10,,OCC010,LOC001,4,2800,5,hybrid,open
JOB00430,CLI002,RA006,2026-04-14,2026-09-22,OCC006,LOC007,2,2350,3,hybrid,closed
JOB00431,CLI025,RA014,2026-07-11,,OCC003,LOC001,3,1800,4,hybrid,open
JOB00432,CLI074,RA001,2026-08-11,,OCC005,LOC001,3,2100,3,hybrid,open
JOB00433,CLI098,RA008,2026-06-17,,OCC006,LOC001,1,2150,3,hybrid,open
JOB00434,CLI014,RA006,2026-03-11,2026-06-25,OCC007,LOC001,1,2100,3,remote,closed
JOB00435,CLI063,RA002,2026-01-12,2026-05-24,OCC005,LOC001,1,1950,4,onsite,closed
JOB00436,CLI019,RA005,2026-02-25,2026-07-30,OCC003,LOC003,1,1500,2,onsite,closed
JOB00437,CLI061,RA005,2026-08-05,,OCC003,LOC005,1,1600,2,onsite,open
JOB00438,CLI023,RA008,2026-09-30,,OCC003,LOC001,2,1500,2,hybrid,open
JOB00439,CLI081,RA011,2026-03-31,2026-07-29,OCC003,LOC004,1,1500,2,onsite,closed
JOB00440,CLI012,RA012,2026-05-15,,OCC005,LOC001,2,2050,4,onsite,open
JOB00441,CLI038,RA007,2026-07-21,,OCC001,LOC001,2,1450,1,onsite,open
JOB00442,CLI058,RA006,2026-06-22,2026-09-04,OCC010,LOC008,2,2850,4,hybrid,closed
JOB00443,CLI051,RA010,2026-09-29,,OCC007,LOC006,4,2250,4,onsite,open
JOB00444,CLI097,RA008,2026-01-12,2026-04-17,OCC003,LOC007,1,1700,3,remote,closed
JOB00445,CLI067,RA004,2026-03-13,2026-09-08,OCC002,LOC001,3,1300,1,onsite,closed
JOB00446,CLI039,RA004,2026-07-18,,OCC008,LOC006,1,2950,4,hybrid,open
JOB00447,CLI084,RA013,2026-09-25,,OCC008,LOC002,1,3100,4,onsite,open
JOB00448,CLI055,RA011,2026-02-15,2026-06-28,OCC009,LOC001,1,3100,4,onsite,closed
JOB00449,CLI024,RA009,2026-06-06,,OCC007,LOC001,1,2150,4,onsite,open
JOB00450,CLI048,RA007,2026-02-27,2026-05-22,OCC004,LOC001,2,2250,3,onsite,closed
JOB00451,CLI043,RA013,2026-01-09,2026-03-25,OCC010,LOC005,4,2850,4,onsite,closed
JOB00452,CLI047,RA003,2026-08-28,,OCC006,LOC002,1,2400,4,onsite,open
JOB00453,CLI072,RA004,2026-08-01,,OCC007,LOC001,3,2100,3,hybrid,open
JOB00454,CLI018,RA009,2026-08-19,,OCC001,LOC008,1,1500,3,onsite,open
JOB00455,CLI049,RA006,2026-05-08,2026-09-18,OCC009,LOC006,3,3200,5,hybrid,closed
JOB00456,CLI038,RA008,2026-09-21,,OCC003,LOC002,2,1700,2,hybrid,open
JOB00457,CLI073,RA012,2026-05-25,2026-09-12,OCC009,LOC003,2,3200,3,remote,closed
JOB00458,CLI011,RA004,2026-03-29,,OCC004,LOC002,3,2450,5,onsite,open
JOB00459,CLI045,RA011,2026-08-20,,OCC010,LOC001,1,2750,3,onsite,open
JOB00460,CLI051,RA007,2026-06-07,2026-09-24,OCC005,LOC005,1,2400,5,onsite,closed
JOB00461,CLI012,RA014,2026-08-19,,OCC006,LOC001,1,2100,3,remote,open
JOB00462,CLI048,RA014,2026-04-02,2026-09-27,OCC003,LOC001,1,1550,2,onsite,closed
JOB00463,CLI056,RA005,2026-04-04,2026-07-19,OCC008,LOC004,1,3150,5,onsite,closed
JOB00464,CLI035,RA013,2026-01-26,2026-04-06,OCC009,LOC005,2,3350,4,onsite,closed
JOB00465,CLI100,RA011,2026-06-22,,OCC003,LOC002,3,1550,2,hybrid,open
JOB00466,CLI100,RA005,2026-05-09,,OCC003,LOC004,1,1500,2,onsite,open
JOB00467,CLI057,RA008,2026-02-28,2026-08-26,OCC007,LOC004,1,2300,4,hybrid,closed
JOB00468,CLI062,RA008,2026-09-09,,OCC002,LOC001,2,1200,1,onsite,open
JOB00469,CLI048,RA002,2026-08-17,,OCC006,LOC005,2,2450,4,hybrid,open
JOB00470,CLI057,RA003,2026-04-15,2026-08-02,OCC006,LOC001,2,2300,3,hybrid,closed
JOB00471,CLI021,RA009,2026-09-09,,OCC006,LOC001,3,2400,4,onsite,open
JOB00472,CLI040,RA007,2026-05-06,2026-09-26,OCC002,LOC004,3,1300,1,onsite,closed
JOB00473,CLI031,RA011,2026-01-22,2026-04-21,OCC009,LOC002,1,3250,5,remote,closed
JOB00474,CLI071,RA011,2026-01-24,2026-06-22,OCC006,LOC004,2,2250,3,hybrid,closed
JOB00475,CLI030,RA013,2026-03-15,2026-08-22,OCC007,LOC001,3,2000,2,hybrid,closed
JOB00476,CLI095,RA010,2026-02-18,,OCC008,LOC001,2,3250,5,onsite,open
JOB00477,CLI021,RA004,2026-06-17,2026-09-27,OCC003,LOC007,3,1600,3,onsite,closed
JOB00478,CLI059,RA007,2026-09-14,,OCC005,LOC004,2,1900,3,onsite,open
JOB00479,CLI027,RA009,2026-03-30,2026-09-17,OCC008,LOC003,2,3000,3,hybrid,closed
JOB00480,CLI094,RA004,2026-07-24,,OCC008,LOC001,2,3150,4,onsite,open
JOB00481,CLI029,RA011,2026-03-30,2026-06-15,OCC007,LOC002,1,2100,3,onsite,closed
JOB00482,CLI075,RA014,2026-06-09,2026-09-13,OCC010,LOC001,2,2750,4,onsite,closed
JOB00483,CLI087,RA005,2026-05-16,,OCC004,LOC008,3,2450,4,hybrid,open
JOB00484,CLI067,RA012,2026-07-17,,OCC008,LOC006,2,3000,4,hybrid,open
JOB00485,CLI090,RA006,2026-05-31,,OCC005,LOC003,1,2200,4,hybrid,open
JOB00486,CLI023,RA011,2026-04-18,2026-09-30,OCC001,LOC003,4,1350,1,hybrid,closed
JOB00487,CLI066,RA006,2026-08-06,,OCC004,LOC001,1,2200,4,onsite,open
JOB00488,CLI046,RA008,2026-06-01,2026-09-08,OCC001,LOC001,2,1300,1,onsite,closed
JOB00489,CLI027,RA012,2026-02-03,2026-05-15,OCC003,LOC008,1,1500,1,onsite,closed
JOB00490,CLI060,RA014,2026-07-03,,OCC006,LOC001,1,2300,3,onsite,open
JOB00491,CLI025,RA010,2026-02-18,2026-05-07,OCC005,LOC001,1,2300,5,onsite,closed
JOB00492,CLI097,RA010,2026-04-18,2026-08-22,OCC006,LOC002,3,2250,3,hybrid,closed
JOB00493,CLI077,RA005,2026-07-31,,OCC007,LOC005,2,2200,3,onsite,open
JOB00494,CLI003,RA014,2026-09-03,,OCC002,LOC002,3,1200,1,onsite,open
JOB00495,CLI058,RA007,2026-03-23,2026-08-09,OCC004,LOC002,2,2150,3,hybrid,closed
JOB00496,CLI039,RA003,2026-03-17,2026-07-06,OCC005,LOC006,1,2000,3,remote,closed
JOB00497,CLI078,RA001,2026-01-20,2026-05-28,OCC007,LOC001,3,2350,3,onsite,closed
JOB00498,CLI097,RA012,2026-02-01,2026-06-18,OCC008,LOC001,3,3200,5,onsite,closed
JOB00499,CLI030,RA012,2026-02-08,2026-07-04,OCC002,LOC003,3,1250,1,onsite,closed
JOB00500,CLI092,RA003,2026-08-17,,OCC007,LOC003,1,2350,4,hybrid,open
JOB00501,CLI045,RA001,2026-04-25,2026-08-01,OCC003,LOC001,1,1600,3,remote,closed
JOB00502,CLI089,RA004,2026-09-25,,OCC006,LOC008,1,2250,3,hybrid,open
JOB00503,CLI085,RA006,2026-06-21,,OCC004,LOC007,2,2150,3,onsite,open
JOB00504,CLI030,RA005,2026-03-21,2026-08-21,OCC006,LOC001,2,2300,4,hybrid,closed
JOB00505,CLI071,RA014,2026-04-01,2026-08-28,OCC002,LOC001,2,1350,1,onsite,closed
JOB00506,CLI083,RA014,2026-06-11,,OCC007,LOC004,2,2300,3,hybrid,open
JOB00507,CLI055,RA007,2026-08-02,,OCC001,LOC002,2,1200,1,hybrid,open
JOB00508,CLI100,RA001,2026-06-22,,OCC006,LOC001,2,2400,4,onsite,open
JOB00509,CLI034,RA009,2026-09-15,,OCC001,LOC001,3,1400,3,onsite,open
JOB00510,CLI006,RA008,2026-08-09,,OCC004,LOC001,3,2150,4,onsite,open
JOB00511,CLI037,RA003,2026-09-21,,OCC001,LOC001,1,1400,1,hybrid,open
JOB00512,CLI079,RA002,2026-03-28,2026-06-08,OCC005,LOC001,4,2150,4,onsite,closed
JOB00513,CLI016,RA004,2026-05-16,,OCC001,LOC001,1,1550,2,hybrid,open
JOB00514,CLI022,RA008,2026-02-27,2026-05-12,OCC010,LOC001,1,3000,5,onsite,closed
JOB00515,CLI093,RA009,2026-04-09,,OCC009,LOC003,1,3300,5,onsite,open
JOB00516,CLI074,RA004,2026-07-08,,OCC008,LOC004,1,3150,4,onsite,open
JOB00517,CLI098,RA013,2026-09-14,,OCC001,LOC005,2,1400,2,hybrid,open
JOB00518,CLI074,RA007,2026-05-15,2026-08-25,OCC001,LOC006,4,1300,2,onsite,closed
JOB00519,CLI064,RA008,2026-09-22,,OCC003,LOC001,1,1700,3,hybrid,open
JOB00520,CLI041,RA004,2026-07-17,,OCC005,LOC006,1,2050,4,onsite,open
JOB00521,CLI026,RA009,2026-02-08,,OCC005,LOC001,1,2150,4,onsite,open
JOB00522,CLI024,RA010,2026-07-07,,OCC006,LOC006,1,2450,4,onsite,open
JOB00523,CLI041,RA013,2026-01-17,2026-05-23,OCC006,LOC002,1,2250,3,remote,closed
JOB00524,CLI076,RA003,2026-06-13,,OCC007,LOC001,2,2200,3,onsite,open
JOB00525,CLI010,RA006,2026-05-14,,OCC003,LOC004,1,1500,2,hybrid,open
JOB00526,CLI095,RA009,2026-03-06,2026-08-08,OCC005,LOC003,2,2150,4,hybrid,closed
JOB00527,CLI043,RA007,2026-02-28,2026-08-12,OCC007,LOC002,1,2250,3,hybrid,closed
JOB00528,CLI087,RA013,2026-01-24,2026-05-02,OCC003,LOC001,1,1700,3,hybrid,closed
JOB00529,CLI033,RA007,2026-09-07,,OCC004,LOC005,2,2200,2,onsite,open
JOB00530,CLI037,RA004,2026-03-23,2026-06-03,OCC008,LOC001,2,2900,4,onsite,closed
JOB00531,CLI043,RA004,2026-01-02,2026-03-31,OCC010,LOC001,2,3000,5,hybrid,closed
JOB00532,CLI021,RA009,2026-04-04,2026-09-22,OCC006,LOC007,3,2250,3,onsite,closed
JOB00533,CLI015,RA008,2026-08-12,,OCC004,LOC008,1,2150,3,onsite,open
JOB00534,CLI006,RA011,2026-02-24,2026-08-04,OCC006,LOC002,2,2200,3,onsite,closed
JOB00535,CLI048,RA007,2026-05-10,,OCC009,LOC001,1,3300,5,remote,open
JOB00536,CLI059,RA004,2026-06-11,2026-09-21,OCC008,LOC006,1,2950,4,remote,closed
JOB00537,CLI075,RA008,2026-01-29,,OCC008,LOC005,2,3000,4,onsite,open
JOB00538,CLI051,RA009,2026-07-12,2026-09-29,OCC004,LOC005,3,2300,3,remote,closed
JOB00539,CLI060,RA004,2026-08-11,,OCC002,LOC001,4,1250,1,remote,open
JOB00540,CLI055,RA012,2026-01-03,,OCC010,LOC002,3,3050,5,onsite,open
JOB00541,CLI006,RA009,2026-01-26,,OCC001,LOC002,1,1700,3,onsite,open
JOB00542,CLI021,RA014,2026-07-02,,OCC003,LOC008,1,1750,3,onsite,open
JOB00543,CLI035,RA006,2026-06-26,,OCC002,LOC001,2,1200,1,hybrid,open
JOB00544,CLI058,RA006,2026-06-03,,OCC004,LOC001,1,2550,5,onsite,open
JOB00545,CLI058,RA011,2026-06-26,2026-09-21,OCC009,LOC008,1,3200,5,onsite,closed
JOB00546,CLI051,RA003,2026-04-30,,OCC006,LOC001,1,2650,5,onsite,open
JOB00547,CLI044,RA012,2026-06-16,2026-09-25,OCC005,LOC001,2,2100,3,onsite,closed
JOB00548,CLI036,RA005,2026-04-17,2026-08-14,OCC001,LOC005,3,1400,2,onsite,closed
JOB00549,CLI071,RA006,2026-05-21,,OCC008,LOC001,1,3200,5,hybrid,open
JOB00550,CLI068,RA009,2026-02-16,2026-06-24,OCC003,LOC002,3,1750,3,hybrid,closed
JOB00551,CLI054,RA011,2026-06-21,,OCC010,LOC003,4,2850,4,onsite,open
JOB00552,CLI032,RA004,2026-01-17,2026-05-11,OCC005,LOC001,2,2050,3,hybrid,closed
JOB00553,CLI091,RA006,2026-07-09,,OCC002,LOC001,3,1350,2,hybrid,open
JOB00554,CLI077,RA001,2026-08-24,,OCC001,LOC002,2,1500,1,remote,open
JOB00555,CLI084,RA007,2026-08-16,,OCC005,LOC006,1,1950,3,onsite,open
JOB00556,CLI038,RA002,2026-06-30,,OCC007,LOC007,1,2250,3,hybrid,open
JOB00557,CLI073,RA007,2026-06-16,,OCC004,LOC003,2,2250,3,hybrid,open
JOB00558,CLI052,RA010,2026-08-10,,OCC008,LOC004,2,2900,4,remote,open
JOB00559,CLI070,RA005,2026-07-10,,OCC006,LOC003,2,2400,4,hybrid,open
JOB00560,CLI047,RA012,2026-07-15,,OCC002,LOC002,4,1300,2,hybrid,open
JOB00561,CLI047,RA011,2026-01-03,2026-04-10,OCC003,LOC001,1,1550,2,hybrid,closed
JOB00562,CLI007,RA014,2026-08-27,,OCC008,LOC001,1,3000,5,hybrid,open
JOB00563,CLI055,RA006,2026-03-30,,OCC001,LOC002,2,1650,3,hybrid,open
JOB00564,CLI010,RA003,2026-09-17,,OCC008,LOC001,1,3200,5,hybrid,open
JOB00565,CLI091,RA001,2026-07-22,,OCC007,LOC004,1,2250,4,hybrid,open
JOB00566,CLI075,RA010,2026-06-08,,OCC003,LOC001,1,1350,1,onsite,open
JOB00567,CLI062,RA001,2026-06-19,,OCC003,LOC001,1,1550,2,onsite,open
JOB00568,CLI069,RA013,2026-06-07,2026-08-16,OCC006,LOC001,2,2300,3,hybrid,closed
JOB00569,CLI088,RA003,2026-03-01,,OCC003,LOC005,3,1550,2,onsite,open
JOB00570,CLI082,RA012,2026-03-22,2026-07-01,OCC001,LOC002,1,1350,2,onsite,closed
JOB00571,CLI093,RA005,2026-04-23,2026-06-22,OCC002,LOC005,2,1200,1,onsite,closed
JOB00572,CLI028,RA006,2026-09-23,,OCC010,LOC001,4,2900,5,onsite,open
JOB00573,CLI073,RA004,2026-01-18,2026-05-24,OCC001,LOC003,2,1250,2,hybrid,closed
JOB00574,CLI039,RA013,2026-06-20,,OCC007,LOC007,1,2050,3,hybrid,open
JOB00575,CLI080,RA005,2026-07-15,,OCC001,LOC001,3,1350,1,onsite,open
JOB00576,CLI040,RA004,2026-05-30,,OCC005,LOC006,1,1900,3,onsite,open
JOB00577,CLI070,RA010,2026-03-30,2026-09-04,OCC004,LOC004,1,2250,3,onsite,closed
JOB00578,CLI076,RA009,2026-06-20,,OCC003,LOC006,2,1600,2,onsite,open
JOB00579,CLI060,RA007,2026-05-04,,OCC003,LOC004,2,1550,3,onsite,open
JOB00580,CLI044,RA012,2026-09-03,,OCC010,LOC001,1,2900,5,hybrid,open
JOB00581,CLI080,RA007,2026-08-07,,OCC001,LOC004,3,1450,1,hybrid,open
JOB00582,CLI056,RA002,2026-06-29,,OCC007,LOC001,1,2150,4,hybrid,open
JOB00583,CLI006,RA011,2026-06-19,2026-09-01,OCC008,LOC002,1,3100,4,hybrid,closed
JOB00584,CLI064,RA003,2026-03-22,2026-06-01,OCC005,LOC006,1,2250,4,hybrid,closed
JOB00585,CLI010,RA001,2026-09-02,,OCC009,LOC002,3,3250,4,onsite,open
JOB00586,CLI083,RA006,2026-02-15,2026-05-27,OCC009,LOC006,4,3250,4,hybrid,closed
JOB00587,CLI021,RA008,2026-05-05,2026-08-19,OCC010,LOC001,1,2850,4,hybrid,closed
JOB00588,CLI064,RA007,2026-07-24,,OCC001,LOC001,4,1400,1,hybrid,open
JOB00589,CLI042,RA009,2026-05-04,,OCC001,LOC001,1,1350,2,onsite,open
JOB00590,CLI096,RA011,2026-08-14,,OCC004,LOC007,1,2100,3,remote,open
JOB00591,CLI085,RA012,2026-07-21,,OCC004,LOC001,4,2150,3,onsite,open
JOB00592,CLI011,RA009,2026-01-11,2026-05-27,OCC003,LOC001,1,1600,3,hybrid,closed
JOB00593,CLI069,RA003,2026-06-16,2026-09-01,OCC001,LOC003,2,1300,1,hybrid,closed
JOB00594,CLI026,RA009,2026-03-28,2026-09-23,OCC007,LOC001,4,2150,3,onsite,closed
JOB00595,CLI023,RA004,2026-09-23,,OCC007,LOC001,1,2200,4,onsite,open
JOB00596,CLI089,RA007,2026-09-02,,OCC008,LOC001,2,3100,5,hybrid,open
JOB00597,CLI046,RA008,2026-02-12,2026-06-04,OCC002,LOC002,1,1350,1,hybrid,closed
JOB00598,CLI021,RA009,2026-05-31,,OCC006,LOC002,1,2250,3,hybrid,open
JOB00599,CLI040,RA002,2026-09-30,,OCC005,LOC001,2,2250,4,hybrid,open
JOB00600,CLI080,RA004,2026-02-16,2026-05-24,OCC001,LOC002,1,1300,2,hybrid,closed
JOB00601,CLI060,RA005,2026-02-23,,OCC005,LOC001,1,2150,3,hybrid,open
JOB00602,CLI061,RA010,2026-05-25,,OCC002,LOC003,2,1350,3,remote,open
JOB00603,CLI035,RA001,2026-04-02,2026-07-23,OCC001,LOC005,2,1350,1,hybrid,closed
JOB00604,CLI059,RA009,2026-06-28,,OCC004,LOC007,2,2250,4,remote,open
JOB00605,CLI092,RA005,2026-02-28,2026-08-25,OCC006,LOC003,3,2200,4,hybrid,closed
JOB00606,CLI094,RA013,2026-02-09,2026-04-29,OCC003,LOC001,1,1550,2,hybrid,closed
JOB00607,CLI063,RA008,2026-04-01,2026-06-02,OCC001,LOC001,1,1300,1,onsite,closed
JOB00608,CLI065,RA007,2026-01-05,,OCC007,LOC002,1,2150,3,onsite,open
JOB00609,CLI004,RA006,2026-09-07,,OCC003,LOC007,1,1350,1,onsite,open
JOB00610,CLI046,RA009,2026-02-18,2026-06-23,OCC001,LOC005,2,1450,2,onsite,closed
JOB00611,CLI011,RA002,2026-02-11,2026-08-06,OCC001,LOC001,1,1500,2,onsite,closed
JOB00612,CLI097,RA012,2026-05-09,2026-07-09,OCC002,LOC001,1,1200,1,onsite,closed
JOB00613,CLI003,RA014,2026-04-20,2026-08-14,OCC007,LOC006,3,2300,4,hybrid,closed
JOB00614,CLI009,RA006,2026-04-08,,OCC008,LOC001,1,3000,4,onsite,open
JOB00615,CLI019,RA003,2026-04-13,,OCC008,LOC004,1,3100,5,onsite,open
JOB00616,CLI035,RA007,2026-05-21,,OCC001,LOC001,1,1550,2,onsite,open
JOB00617,CLI071,RA002,2026-07-10,,OCC010,LOC002,1,2850,4,hybrid,open
JOB00618,CLI097,RA007,2026-09-08,,OCC005,LOC003,1,1850,2,onsite,open
JOB00619,CLI065,RA007,2026-02-10,2026-05-12,OCC003,LOC001,1,1650,2,onsite,closed
JOB00620,CLI046,RA007,2026-05-18,,OCC010,LOC001,3,2750,4,hybrid,open
JOB00621,CLI093,RA003,2026-03-29,2026-09-13,OCC007,LOC001,2,2100,4,hybrid,closed
JOB00622,CLI070,RA005,2026-08-10,,OCC001,LOC008,2,1450,2,onsite,open
JOB00623,CLI077,RA014,2026-06-14,,OCC005,LOC008,1,1950,3,onsite,open
JOB00624,CLI009,RA005,2026-08-04,,OCC005,LOC002,2,2000,3,hybrid,open
JOB00625,CLI094,RA001,2026-04-07,2026-08-02,OCC010,LOC003,1,2750,3,hybrid,closed
JOB00626,CLI051,RA002,2026-01-30,2026-04-16,OCC003,LOC001,2,1450,1,onsite,closed
JOB00627,CLI069,RA013,2026-06-12,2026-08-13,OCC007,LOC004,1,2100,3,hybrid,closed
JOB00628,CLI008,RA010,2026-09-15,,OCC007,LOC007,1,2200,4,onsite,open
JOB00629,CLI001,RA011,2026-08-30,,OCC008,LOC004,1,3150,5,onsite,open
JOB00630,CLI049,RA011,2026-02-11,2026-04-17,OCC010,LOC001,1,2950,5,remote,closed
JOB00631,CLI067,RA005,2026-08-26,,OCC010,LOC001,3,2900,5,onsite,open
JOB00632,CLI044,RA007,2026-03-06,,OCC004,LOC001,2,2200,4,onsite,open
JOB00633,CLI080,RA009,2026-03-30,2026-09-03,OCC002,LOC001,1,1300,2,onsite,closed
JOB00634,CLI054,RA002,2026-02-10,,OCC006,LOC002,2,2200,3,onsite,open
JOB00635,CLI074,RA003,2026-03-08,2026-07-01,OCC003,LOC004,3,1700,3,hybrid,closed
JOB00636,CLI065,RA010,2026-09-25,,OCC003,LOC001,1,1550,1,hybrid,open
JOB00637,CLI070,RA013,2026-04-14,2026-06-14,OCC008,LOC001,3,3000,5,hybrid,closed
JOB00638,CLI038,RA008,2026-03-22,2026-06-02,OCC003,LOC003,2,1650,3,onsite,closed
JOB00639,CLI025,RA010,2026-05-24,,OCC010,LOC001,1,2750,4,onsite,open
JOB00640,CLI058,RA011,2026-02-09,2026-05-19,OCC003,LOC001,1,1450,2,remote,closed
JOB00641,CLI078,RA011,2026-09-22,,OCC006,LOC004,1,2400,3,hybrid,open
JOB00642,CLI096,RA011,2026-04-28,2026-08-26,OCC009,LOC001,3,3250,5,remote,closed
JOB00643,CLI044,RA014,2026-08-08,,OCC006,LOC008,1,2250,4,onsite,open
JOB00644,CLI011,RA006,2026-01-30,2026-07-11,OCC007,LOC001,1,2400,5,onsite,closed
JOB00645,CLI024,RA003,2026-06-09,,OCC008,LOC001,1,3050,4,onsite,open
JOB00646,CLI067,RA004,2026-07-22,,OCC008,LOC001,1,3100,5,hybrid,open
JOB00647,CLI094,RA009,2026-05-10,,OCC002,LOC002,3,1250,1,hybrid,open
JOB00648,CLI067,RA013,2026-03-05,2026-05-16,OCC002,LOC002,3,1300,2,onsite,closed
JOB00649,CLI034,RA001,2026-08-30,,OCC008,LOC001,3,3250,5,hybrid,open
JOB00650,CLI086,RA014,2026-09-13,,OCC007,LOC002,4,2200,4,onsite,open
JOB00651,CLI064,RA012,2026-02-05,2026-07-15,OCC010,LOC001,1,2750,4,hybrid,closed
JOB00652,CLI054,RA005,2026-03-25,2026-09-19,OCC005,LOC006,2,2150,3,remote,closed
JOB00653,CLI044,RA006,2026-05-14,2026-07-20,OCC005,LOC006,1,2200,4,onsite,closed
JOB00654,CLI015,RA007,2026-01-31,2026-05-23,OCC009,LOC008,2,3300,5,hybrid,closed
JOB00655,CLI035,RA008,2026-09-04,,OCC006,LOC001,3,2350,4,hybrid,open
JOB00656,CLI007,RA012,2026-04-12,2026-06-17,OCC002,LOC004,2,1200,1,onsite,closed
JOB00657,CLI071,RA005,2026-03-22,2026-06-22,OCC005,LOC001,1,2250,3,onsite,closed
JOB00658,CLI065,RA003,2026-08-18,,OCC002,LOC006,2,1300,2,onsite,open
JOB00659,CLI100,RA009,2026-09-23,,OCC002,LOC001,1,1200,1,hybrid,open
JOB00660,CLI088,RA005,2026-03-16,,OCC002,LOC003,1,1250,2,onsite,open
JOB00661,CLI081,RA011,2026-05-03,2026-09-09,OCC008,LOC002,2,2950,4,hybrid,closed
JOB00662,CLI079,RA005,2026-04-19,,OCC010,LOC002,4,2950,4,hybrid,open
JOB00663,CLI041,RA010,2026-03-06,2026-07-15,OCC010,LOC006,3,2950,5,hybrid,closed
JOB00664,CLI074,RA008,2026-06-28,,OCC005,LOC001,2,2250,4,remote,open
JOB00665,CLI038,RA003,2026-01-21,2026-05-07,OCC010,LOC001,1,3050,5,remote,closed
JOB00666,CLI059,RA014,2026-09-04,,OCC006,LOC006,1,2150,4,onsite,open
JOB00667,CLI035,RA001,2026-08-18,,OCC007,LOC002,1,2150,2,onsite,open
JOB00668,CLI012,RA014,2026-08-08,,OCC003,LOC001,2,1600,2,hybrid,open
JOB00669,CLI030,RA009,2026-01-26,2026-04-13,OCC008,LOC001,2,3200,5,hybrid,closed
JOB00670,CLI019,RA009,2026-07-20,,OCC007,LOC005,2,2300,3,onsite,open
JOB00671,CLI090,RA003,2026-04-26,2026-09-21,OCC009,LOC007,1,3100,4,onsite,closed
JOB00672,CLI077,RA012,2026-04-24,2026-08-23,OCC006,LOC001,2,2250,3,remote,closed
JOB00673,CLI013,RA004,2026-06-05,,OCC007,LOC003,1,2300,4,remote,open
JOB00674,CLI077,RA004,2026-02-19,2026-07-23,OCC006,LOC001,1,2200,4,onsite,closed
JOB00675,CLI019,RA003,2026-05-02,2026-08-25,OCC010,LOC006,1,2900,5,onsite,closed
JOB00676,CLI055,RA001,2026-04-16,2026-06-18,OCC007,LOC001,3,2050,3,remote,closed
JOB00677,CLI055,RA006,2026-08-27,,OCC004,LOC001,3,2150,3,onsite,open
JOB00678,CLI078,RA004,2026-01-16,2026-07-03,OCC009,LOC001,1,3350,5,onsite,closed
JOB00679,CLI022,RA013,2026-07-09,,OCC005,LOC001,1,2300,4,remote,open
JOB00680,CLI031,RA010,2026-06-03,2026-09-30,OCC006,LOC001,2,2250,3,onsite,closed
JOB00681,CLI060,RA009,2026-04-14,2026-09-11,OCC007,LOC002,3,1950,2,onsite,closed
JOB00682,CLI020,RA013,2026-07-29,,OCC002,LOC006,1,1350,1,remote,open
JOB00683,CLI008,RA003,2026-03-14,2026-07-19,OCC008,LOC008,3,3050,5,hybrid,closed
JOB00684,CLI025,RA012,2026-07-18,,OCC005,LOC001,2,2400,4,hybrid,open
JOB00685,CLI006,RA003,2026-04-03,2026-06-30,OCC002,LOC001,2,1200,1,onsite,closed
JOB00686,CLI081,RA005,2026-05-15,,OCC005,LOC001,1,2100,5,hybrid,open
JOB00687,CLI030,RA006,2026-07-24,,OCC001,LOC002,2,1250,2,onsite,open
JOB00688,CLI071,RA012,2026-04-17,2026-08-30,OCC006,LOC001,1,2350,3,onsite,closed
JOB00689,CLI084,RA005,2026-03-19,2026-06-26,OCC001,LOC001,2,1250,1,hybrid,closed
JOB00690,CLI079,RA005,2026-04-02,2026-08-24,OCC006,LOC003,1,2600,5,onsite,closed
JOB00691,CLI014,RA009,2026-01-26,2026-05-11,OCC008,LOC001,1,3150,4,onsite,closed
JOB00692,CLI029,RA004,2026-07-02,,OCC003,LOC003,1,1700,4,onsite,open
JOB00693,CLI067,RA006,2026-03-29,2026-07-21,OCC003,LOC001,3,1550,2,hybrid,closed
JOB00694,CLI053,RA013,2026-03-29,2026-07-01,OCC006,LOC002,2,2450,4,hybrid,closed
JOB00695,CLI076,RA004,2026-07-11,,OCC009,LOC004,1,3050,3,hybrid,open
JOB00696,CLI006,RA011,2026-01-26,2026-05-18,OCC008,LOC004,1,3100,4,hybrid,closed
JOB00697,CLI071,RA003,2026-06-16,,OCC009,LOC002,2,3250,4,onsite,open
JOB00698,CLI053,RA014,2026-09-26,,OCC004,LOC001,2,2150,3,onsite,open
JOB00699,CLI062,RA002,2026-05-11,,OCC010,LOC001,2,2850,4,onsite,open
JOB00700,CLI008,RA001,2026-03-23,2026-06-27,OCC003,LOC004,1,1600,2,hybrid,closed
JOB00701,CLI075,RA011,2026-01-21,,OCC003,LOC001,3,1700,3,hybrid,open
JOB00702,CLI022,RA005,2026-08-22,,OCC003,LOC001,2,1550,2,onsite,open
JOB00703,CLI061,RA014,2026-09-07,,OCC004,LOC004,1,2250,3,hybrid,open
JOB00704,CLI022,RA004,2026-06-03,,OCC003,LOC001,3,1800,2,onsite,open
JOB00705,CLI085,RA005,2026-03-02,2026-05-26,OCC007,LOC001,3,2300,5,onsite,closed
JOB00706,CLI011,RA013,2026-02-11,2026-05-30,OCC003,LOC004,1,1550,3,hybrid,closed
JOB00707,CLI033,RA003,2026-09-23,,OCC006,LOC003,1,2350,3,hybrid,open
JOB00708,CLI020,RA009,2026-08-12,,OCC003,LOC001,1,1600,3,hybrid,open
JOB00709,CLI045,RA001,2026-04-12,,OCC002,LOC001,3,1200,1,onsite,open
JOB00710,CLI050,RA009,2026-03-06,2026-06-21,OCC008,LOC006,2,3150,5,onsite,closed
JOB00711,CLI089,RA006,2026-07-18,,OCC002,LOC003,1,1200,1,onsite,open
JOB00712,CLI042,RA005,2026-01-18,2026-05-25,OCC002,LOC006,2,1300,1,onsite,closed
JOB00713,CLI075,RA009,2026-03-20,,OCC006,LOC003,1,2350,3,onsite,open
JOB00714,CLI024,RA009,2026-08-14,,OCC008,LOC003,1,2950,4,remote,open
JOB00715,CLI048,RA010,2026-01-14,2026-04-13,OCC007,LOC002,1,2400,5,onsite,closed
JOB00716,CLI049,RA003,2026-07-06,,OCC004,LOC003,3,2350,4,onsite,open
JOB00717,CLI048,RA013,2026-03-10,2026-05-20,OCC005,LOC005,1,2050,3,onsite,closed
JOB00718,CLI067,RA008,2026-03-06,2026-06-14,OCC006,LOC002,3,2250,3,onsite,closed
JOB00719,CLI050,RA010,2026-09-01,,OCC006,LOC001,3,2150,3,remote,open
JOB00720,CLI055,RA014,2026-09-15,,OCC006,LOC001,3,2150,3,onsite,open
JOB00721,CLI014,RA001,2026-07-15,2026-09-23,OCC005,LOC001,1,2000,3,remote,closed
JOB00722,CLI043,RA009,2026-01-09,2026-06-16,OCC001,LOC008,2,1400,2,hybrid,closed
JOB00723,CLI058,RA003,2026-08-04,,OCC003,LOC001,2,1600,3,onsite,open
JOB00724,CLI034,RA001,2026-09-22,,OCC008,LOC006,1,2950,4,hybrid,open
JOB00725,CLI053,RA006,2026-03-23,2026-07-18,OCC002,LOC001,1,1450,1,onsite,closed
JOB00726,CLI096,RA014,2026-09-18,,OCC006,LOC005,1,2350,3,hybrid,open
JOB00727,CLI093,RA006,2026-02-13,2026-07-04,OCC009,LOC002,1,3200,4,onsite,closed
JOB00728,CLI010,RA009,2026-06-22,,OCC003,LOC006,1,1550,1,onsite,open
JOB00729,CLI064,RA011,2026-07-16,,OCC005,LOC004,1,2100,5,onsite,open
JOB00730,CLI013,RA011,2026-08-14,,OCC010,LOC001,1,2750,4,onsite,open
JOB00731,CLI048,RA002,2026-03-25,,OCC010,LOC008,2,2900,4,onsite,open
JOB00732,CLI031,RA013,2026-05-18,,OCC003,LOC001,1,1600,2,hybrid,open
JOB00733,CLI054,RA001,2026-05-19,2026-07-22,OCC008,LOC001,1,3100,5,hybrid,closed
JOB00734,CLI059,RA007,2026-03-11,,OCC007,LOC001,2,2250,4,onsite,open
JOB00735,CLI057,RA008,2026-06-06,,OCC007,LOC001,1,2300,5,hybrid,open
JOB00736,CLI004,RA012,2026-06-02,,OCC001,LOC001,2,1350,1,onsite,open
JOB00737,CLI035,RA001,2026-07-10,,OCC002,LOC002,1,1300,2,onsite,open
JOB00738,CLI003,RA010,2026-06-04,,OCC003,LOC001,1,1700,3,onsite,open
JOB00739,CLI093,RA003,2026-04-26,2026-08-24,OCC010,LOC001,2,2700,4,hybrid,closed
JOB00740,CLI075,RA002,2026-03-19,2026-07-18,OCC010,LOC002,2,2900,5,onsite,closed
JOB00741,CLI065,RA005,2026-01-18,2026-06-08,OCC010,LOC002,2,2650,3,hybrid,closed
JOB00742,CLI002,RA003,2026-01-11,2026-04-03,OCC007,LOC002,2,2150,4,hybrid,closed
JOB00743,CLI071,RA006,2026-04-08,2026-07-09,OCC003,LOC006,3,1550,2,onsite,closed
JOB00744,CLI032,RA006,2026-04-08,2026-06-07,OCC001,LOC004,4,1400,2,onsite,closed
JOB00745,CLI017,RA005,2026-06-12,,OCC008,LOC004,2,3100,4,onsite,open
JOB00746,CLI048,RA011,2026-06-04,,OCC004,LOC002,1,2300,4,onsite,open
JOB00747,CLI039,RA007,2026-06-01,2026-08-08,OCC008,LOC002,3,3000,4,onsite,closed
JOB00748,CLI086,RA011,2026-08-20,,OCC009,LOC006,1,3300,5,hybrid,open
JOB00749,CLI086,RA010,2026-08-30,,OCC002,LOC001,2,1200,1,onsite,open
JOB00750,CLI095,RA007,2026-04-19,2026-06-27,OCC004,LOC008,3,2100,3,hybrid,closed
JOB00751,CLI040,RA007,2026-08-23,,OCC001,LOC006,1,1400,1,onsite,open
JOB00752,CLI069,RA007,2026-02-17,2026-07-29,OCC001,LOC004,2,1350,1,remote,closed
JOB00753,CLI053,RA012,2026-04-01,2026-09-18,OCC010,LOC004,4,2950,5,hybrid,closed
JOB00754,CLI019,RA003,2026-07-05,,OCC003,LOC001,2,1400,1,onsite,open
JOB00755,CLI020,RA005,2026-02-01,2026-06-21,OCC006,LOC001,2,2250,3,onsite,closed
JOB00756,CLI016,RA007,2026-05-23,2026-08-29,OCC002,LOC001,1,1350,2,onsite,closed
JOB00757,CLI036,RA004,2026-01-12,2026-04-30,OCC003,LOC006,1,1700,3,onsite,closed
JOB00758,CLI088,RA007,2026-02-26,2026-07-26,OCC008,LOC002,3,2800,4,hybrid,closed
JOB00759,CLI008,RA001,2026-01-16,2026-04-25,OCC009,LOC006,2,3200,4,onsite,closed
JOB00760,CLI076,RA012,2026-07-25,,OCC002,LOC002,4,1450,3,hybrid,open
JOB00761,CLI009,RA005,2026-09-30,,OCC002,LOC003,1,1200,1,hybrid,open
JOB00762,CLI033,RA009,2026-04-20,,OCC008,LOC001,1,3000,5,hybrid,open
JOB00763,CLI016,RA003,2026-01-18,,OCC008,LOC001,1,2950,4,onsite,open
JOB00764,CLI005,RA011,2026-09-10,,OCC005,LOC006,4,2000,3,hybrid,open
JOB00765,CLI092,RA003,2026-04-12,2026-07-04,OCC004,LOC002,1,2200,3,hybrid,closed
JOB00766,CLI068,RA012,2026-03-06,2026-07-14,OCC005,LOC003,2,2100,3,onsite,closed
JOB00767,CLI048,RA007,2026-02-14,2026-06-06,OCC005,LOC002,3,2250,3,hybrid,closed
JOB00768,CLI010,RA002,2026-07-05,,OCC006,LOC006,1,2300,4,hybrid,open
JOB00769,CLI010,RA013,2026-01-01,2026-05-08,OCC008,LOC001,3,3150,5,hybrid,closed
JOB00770,CLI049,RA001,2026-07-18,,OCC008,LOC001,3,3050,3,hybrid,open
JOB00771,CLI052,RA007,2026-01-27,,OCC009,LOC001,2,3300,4,hybrid,open
JOB00772,CLI046,RA002,2026-08-31,,OCC010,LOC006,2,2950,5,hybrid,open
JOB00773,CLI021,RA011,2026-02-25,2026-07-06,OCC008,LOC006,1,3100,4,hybrid,closed
JOB00774,CLI013,RA001,2026-05-26,,OCC001,LOC001,1,1350,1,remote,open
JOB00775,CLI100,RA001,2026-06-29,,OCC001,LOC001,3,1450,2,onsite,open
JOB00776,CLI005,RA001,2026-05-07,,OCC010,LOC003,1,2700,4,onsite,open
JOB00777,CLI088,RA011,2026-08-03,,OCC007,LOC001,4,2100,3,onsite,open
JOB00778,CLI062,RA009,2026-05-22,,OCC003,LOC001,1,1600,2,hybrid,open
JOB00779,CLI036,RA002,2026-02-19,,OCC003,LOC003,3,1550,2,onsite,open
JOB00780,CLI077,RA007,2026-01-14,2026-04-19,OCC008,LOC001,1,3250,5,onsite,closed
JOB00781,CLI072,RA008,2026-09-13,,OCC009,LOC004,2,3200,5,onsite,open
JOB00782,CLI098,RA007,2026-03-27,2026-08-29,OCC006,LOC001,2,2450,4,hybrid,closed
JOB00783,CLI009,RA010,2026-02-20,2026-07-16,OCC009,LOC001,1,3200,4,hybrid,closed
JOB00784,CLI082,RA003,2026-07-06,2026-09-16,OCC005,LOC002,1,2150,4,onsite,closed
JOB00785,CLI027,RA012,2026-02-10,2026-07-06,OCC005,LOC003,1,2100,3,onsite,closed
JOB00786,CLI005,RA013,2026-05-11,2026-09-14,OCC010,LOC006,3,2750,5,onsite,closed
JOB00787,CLI080,RA008,2026-06-10,,OCC005,LOC001,2,2200,4,hybrid,open
JOB00788,CLI054,RA012,2026-09-18,,OCC008,LOC001,1,2900,4,hybrid,open
JOB00789,CLI070,RA001,2026-04-16,,OCC003,LOC001,1,1500,2,hybrid,open
JOB00790,CLI017,RA011,2026-06-19,2026-09-27,OCC002,LOC001,3,1250,1,onsite,closed
JOB00791,CLI039,RA007,2026-06-29,,OCC002,LOC001,3,1400,1,onsite,open
JOB00792,CLI060,RA009,2026-07-03,,OCC007,LOC001,1,2250,3,hybrid,open
JOB00793,CLI018,RA005,2026-01-04,2026-03-13,OCC006,LOC001,2,2350,4,onsite,closed
JOB00794,CLI083,RA012,2026-06-08,2026-08-25,OCC001,LOC003,1,1450,2,hybrid,closed
JOB00795,CLI015,RA004,2026-04-19,2026-09-25,OCC006,LOC005,1,2450,4,onsite,closed
JOB00796,CLI010,RA010,2026-02-16,2026-08-10,OCC008,LOC001,3,3100,4,onsite,closed
JOB00797,CLI002,RA004,2026-09-02,,OCC005,LOC001,2,2150,3,onsite,open
JOB00798,CLI044,RA002,2026-05-09,2026-09-27,OCC003,LOC006,1,1750,3,hybrid,closed
JOB00799,CLI048,RA008,2026-01-07,2026-05-18,OCC001,LOC001,3,1300,1,onsite,closed
JOB00800,CLI086,RA010,2026-09-03,,OCC010,LOC005,1,2800,4,hybrid,open
