placement_id,application_id,decision_date,start_date,agreed_hourly_wage,status
PLC000001,APP000004,2025-04-17,2025-05-13,1650,started
PLC000002,APP000009,2025-04-18,2025-05-04,3100,started
PLC000003,APP000018,2025-04-23,2025-05-03,1450,started
PLC000004,APP000015,2025-04-24,2025-05-17,2050,started
PLC000005,APP000039,2025-04-28,2025-05-18,2100,started
PLC000006,APP000024,2025-05-01,2025-05-26,1200,started
PLC000007,APP000037,2025-05-01,2025-05-29,1200,started
PLC000008,APP000026,2025-05-02,2025-05-22,2700,started
PLC000009,APP000053,2025-05-02,2025-06-01,1400,started
PLC000010,APP000028,2025-05-03,2025-05-15,1400,started
PLC000011,APP000035,2025-05-03,2025-05-28,1250,started
PLC000012,APP000033,2025-05-04,2025-05-17,2300,started
PLC000013,APP000048,2025-05-07,2025-05-26,1600,started
PLC000014,APP000050,2025-05-07,2025-06-05,1600,started
PLC000015,APP000057,2025-05-08,2025-06-02,2550,started
PLC000016,APP000056,2025-05-09,2025-05-25,2950,started
PLC000017,APP000054,2025-05-09,2025-05-18,1650,started
PLC000018,APP000072,2025-05-12,2025-05-30,2800,started
PLC000019,APP000064,2025-05-12,2025-06-06,2200,started
PLC000020,APP000097,2025-05-13,2025-06-10,1400,started
PLC000021,APP000062,2025-05-14,2025-05-29,2050,started
PLC000022,APP000074,2025-05-16,2025-05-23,1200,started
PLC000023,APP000091,2025-05-18,2025-05-29,3300,started
PLC000024,APP000102,2025-05-20,2025-06-03,1600,started
PLC000025,APP000080,2025-05-21,2025-05-29,2200,started
PLC000026,APP000112,2025-05-22,2025-06-12,2200,started
PLC000027,APP000119,2025-05-23,2025-06-06,1200,started
PLC000028,APP000121,2025-05-23,2025-06-22,1450,started
PLC000029,APP000122,2025-05-26,2025-06-03,1300,started
PLC000030,APP000109,2025-05-27,2025-06-19,1350,started
PLC000031,APP000141,2025-05-28,2025-06-18,1600,started
PLC000032,APP000135,2025-05-29,2025-06-19,2200,started
PLC000033,APP000161,2025-06-03,2025-06-19,1250,started
PLC000034,APP000194,2025-06-06,2025-06-26,2200,started
PLC000035,APP000198,2025-06-07,2025-06-27,3150,started
PLC000036,APP000181,2025-06-08,2025-06-23,2250,started
PLC000037,APP000189,2025-06-09,2025-06-26,1900,started
PLC000038,APP000178,2025-06-10,2025-07-08,1200,started
PLC000039,APP000186,2025-06-10,2025-06-19,2100,started
PLC000040,APP000177,2025-06-11,2025-06-19,2200,started
PLC000041,APP000207,2025-06-14,2025-07-02,2000,started
PLC000042,APP000213,2025-06-16,2025-06-24,1350,started
PLC000043,APP000195,2025-06-19,2025-07-15,2100,started
PLC000044,APP000223,2025-06-20,2025-07-20,2400,started
PLC000045,APP000237,2025-06-20,2025-07-02,2350,started
PLC000046,APP000225,2025-06-21,2025-07-21,1500,started
PLC000047,APP000239,2025-06-22,2025-07-15,2700,started
PLC000048,APP000226,2025-06-22,2025-07-02,2950,started
PLC000049,APP000244,2025-06-24,2025-07-17,2900,started
PLC000050,APP000232,2025-06-25,2025-07-14,3250,started
PLC000051,APP000259,2025-06-28,2025-07-08,1250,started
PLC000052,APP000258,2025-06-30,2025-07-07,2050,started
PLC000053,APP000261,2025-07-01,2025-07-22,1800,started
PLC000054,APP000284,2025-07-01,2025-07-09,2300,started
PLC000055,APP000285,2025-07-04,2025-08-01,1500,started
PLC000056,APP000263,2025-07-07,2025-07-20,1200,started
PLC000057,APP000286,2025-07-07,2025-07-29,2250,started
PLC000058,APP000304,2025-07-08,2025-07-29,2000,started
PLC000059,APP000287,2025-07-08,2025-07-24,2100,started
PLC000060,APP000303,2025-07-09,2025-08-07,1550,started
PLC000061,APP000311,2025-07-10,2025-07-31,2050,started
PLC000062,APP000323,2025-07-10,2025-08-05,1200,started
PLC000063,APP000332,2025-07-11,2025-07-21,2150,started
PLC000064,APP000346,2025-07-11,2025-07-18,1200,started
PLC000065,APP000321,2025-07-12,2025-08-03,1300,started
PLC000066,APP000326,2025-07-16,2025-07-26,1250,started
PLC000067,APP000331,2025-07-17,2025-08-14,1550,started
PLC000068,APP000341,2025-07-18,2025-08-08,1450,started
PLC000069,APP000377,2025-07-19,2025-08-09,1200,started
PLC000070,APP000388,2025-07-22,2025-08-02,1400,started
PLC000071,APP000395,2025-07-26,2025-08-22,1350,started
PLC000072,APP000385,2025-07-28,2025-08-23,1500,started
PLC000073,APP000387,2025-07-28,2025-08-17,2250,started
PLC000074,APP000389,2025-07-30,2025-08-14,1250,started
PLC000075,APP000437,2025-08-01,2025-08-13,3000,started
PLC000076,APP000404,2025-08-02,2025-08-14,2300,started
PLC000077,APP000410,2025-08-02,2025-08-23,1300,started
PLC000078,APP000412,2025-08-03,2025-08-28,1500,started
PLC000079,APP000433,2025-08-03,2025-08-28,3050,started
PLC000080,APP000416,2025-08-07,2025-08-21,2900,started
PLC000081,APP000417,2025-08-09,2025-08-27,2350,started
PLC000082,APP000469,2025-08-10,2025-08-28,3000,started
PLC000083,APP000459,2025-08-11,2025-08-23,3350,started
PLC000084,APP000470,2025-08-12,2025-08-29,2750,started
PLC000085,APP000468,2025-08-14,2025-09-02,1500,started
PLC000086,APP000477,2025-08-14,2025-09-02,1450,started
PLC000087,APP000461,2025-08-15,2025-08-27,1500,started
PLC000088,APP000479,2025-08-16,2025-09-03,1600,started
PLC000089,APP000474,2025-08-18,2025-09-01,2050,started
PLC000090,APP000490,2025-08-18,2025-09-05,1200,started
PLC000091,APP000503,2025-08-20,2025-08-29,1600,started
PLC000092,APP000516,2025-08-21,2025-09-11,3350,started
PLC000093,APP000521,2025-08-24,2025-09-18,1500,started
PLC000094,APP000523,2025-08-25,2025-09-14,2100,started
PLC000095,APP000509,2025-08-26,2025-09-14,1500,started
PLC000096,APP000526,2025-08-27,2025-09-22,3150,started
PLC000097,APP000555,2025-08-31,2025-09-27,2200,started
PLC000098,APP000576,2025-09-05,2025-09-12,2100,started
PLC000099,APP000582,2025-09-06,2025-09-15,1400,started
PLC000100,APP000543,2025-09-07,2025-09-17,2700,started
PLC000101,APP000579,2025-09-08,2025-09-16,2350,started
PLC000102,APP000574,2025-09-09,2025-10-06,2300,started
PLC000103,APP000583,2025-09-09,2025-10-03,2100,started
PLC000104,APP000596,2025-09-12,2025-10-06,3050,started
PLC000105,APP000585,2025-09-13,2025-09-23,1550,started
PLC000106,APP000615,2025-09-13,2025-09-25,1400,started
PLC000107,APP000577,2025-09-14,2025-09-27,3000,started
PLC000108,APP000597,2025-09-15,2025-09-28,2100,started
PLC000109,APP000600,2025-09-15,2025-09-28,1650,started
PLC000110,APP000604,2025-09-16,2025-09-28,1200,started
PLC000111,APP000622,2025-09-17,2025-10-01,2250,started
PLC000112,APP000634,2025-09-17,2025-10-06,1200,started
PLC000113,APP000635,2025-09-17,2025-10-01,1450,started
PLC000114,APP000620,2025-09-19,2025-10-16,1400,started
PLC000115,APP000612,2025-09-19,2025-10-07,2150,started
PLC000116,APP000619,2025-09-20,2025-10-04,1400,started
PLC000117,APP000658,2025-09-21,2025-10-02,1300,started
PLC000118,APP000651,2025-09-22,2025-10-20,3050,started
PLC000119,APP000629,2025-09-23,2025-10-22,2950,started
PLC000120,APP000656,2025-09-24,2025-10-22,2050,started
PLC000121,APP000668,2025-09-25,2025-10-08,1550,started
PLC000122,APP000645,2025-09-27,2025-10-04,2150,started
PLC000123,APP000665,2025-09-27,2025-10-26,1300,started
PLC000124,APP000672,2025-09-27,2025-10-07,1550,started
PLC000125,APP000663,2025-09-27,2025-10-17,2200,started
PLC000126,APP000677,2025-09-27,2025-10-20,2050,started
PLC000127,APP000689,2025-09-28,2025-10-26,2900,started
PLC000128,APP000678,2025-09-29,2025-10-18,1200,started
PLC000129,APP000688,2025-09-30,2025-10-12,2300,started
PLC000130,APP000704,2025-09-30,2025-10-14,2050,started
PLC000131,APP000684,2025-10-01,2025-10-15,1350,started
PLC000132,APP000680,2025-10-02,2025-10-11,1200,started
PLC000133,APP000695,2025-10-05,2025-10-21,2250,started
PLC000134,APP000716,2025-10-05,2025-10-27,1350,started
PLC000135,APP000723,2025-10-08,2025-10-21,2200,started
PLC000136,APP000691,2025-10-09,2025-11-08,2900,started
PLC000137,APP000737,2025-10-10,2025-11-08,2250,started
PLC000138,APP000728,2025-10-11,2025-11-09,2100,started
PLC000139,APP000749,2025-10-15,2025-10-25,1200,started
PLC000140,APP000769,2025-10-15,2025-11-02,1300,started
PLC000141,APP000780,2025-10-18,2025-11-06,1250,started
PLC000142,APP000764,2025-10-18,2025-11-10,2650,started
PLC000143,APP000775,2025-10-20,2025-10-27,1350,started
PLC000144,APP000773,2025-10-21,2025-11-17,1550,started
PLC000145,APP000813,2025-10-21,2025-10-29,3200,started
PLC000146,APP000815,2025-10-24,2025-11-06,2250,started
PLC000147,APP000823,2025-10-29,2025-11-15,2600,started
PLC000148,APP000832,2025-10-29,2025-11-06,1650,started
PLC000149,APP000825,2025-10-31,2025-11-26,1450,started
PLC000150,APP000862,2025-11-01,2025-11-14,1200,started
PLC000151,APP000846,2025-11-03,2025-11-19,1400,started
PLC000152,APP000851,2025-11-05,2025-12-05,2100,started
PLC000153,APP000869,2025-11-06,2025-11-15,2150,started
PLC000154,APP000864,2025-11-07,2025-12-06,2200,started
PLC000155,APP000853,2025-11-07,2025-12-06,2200,started
PLC000156,APP000907,2025-11-07,2025-11-21,2250,started
PLC000157,APP000880,2025-11-13,2025-11-28,3200,started
PLC000158,APP000897,2025-11-13,2025-12-10,1900,started
PLC000159,APP000935,2025-11-15,2025-11-28,2850,started
PLC000160,APP000906,2025-11-16,2025-11-23,1950,started
PLC000161,APP000892,2025-11-16,2025-11-25,1600,started
PLC000162,APP000925,2025-11-16,2025-12-01,2150,started
PLC000163,APP000936,2025-11-18,2025-12-10,2250,started
PLC000164,APP000943,2025-11-21,2025-12-07,1950,started
PLC000165,APP000946,2025-11-21,2025-12-13,3100,started
PLC000166,APP000949,2025-11-21,2025-11-30,1400,started
PLC000167,APP000954,2025-11-22,2025-12-06,1350,started
PLC000168,APP000920,2025-11-22,2025-12-22,3000,started
PLC000169,APP000938,2025-11-23,2025-12-14,3050,started
PLC000170,APP000939,2025-11-24,2025-12-10,2100,started
PLC000171,APP000953,2025-11-25,2025-12-08,3100,started
PLC000172,APP000975,2025-11-26,2025-12-08,2650,started
PLC000173,APP000952,2025-11-27,2025-12-23,1950,started
PLC000174,APP000960,2025-11-27,2025-12-21,2150,started
PLC000175,APP000985,2025-11-29,2025-12-28,1400,started
PLC000176,APP000999,2025-11-29,2025-12-15,2300,started
PLC000177,APP000963,2025-11-30,2025-12-19,1500,started
PLC000178,APP000962,2025-12-02,2025-12-12,1500,started
PLC000179,APP000984,2025-12-02,2025-12-13,3150,started
PLC000180,APP001019,2025-12-03,2025-12-11,3050,started
PLC000181,APP000987,2025-12-04,2025-12-27,1350,started
PLC000182,APP001000,2025-12-04,2026-01-03,1500,started
PLC000183,APP000994,2025-12-04,2025-12-30,3200,started
PLC000184,APP000981,2025-12-06,2025-12-13,2000,started
PLC000185,APP001006,2025-12-06,2025-12-20,2200,started
PLC000186,APP001011,2025-12-06,2025-12-14,1400,started
PLC000187,APP001021,2025-12-07,2025-12-20,2250,started
PLC000188,APP001007,2025-12-10,2025-12-19,2950,started
PLC000189,APP001047,2025-12-14,2026-01-09,2100,started
PLC000190,APP001054,2025-12-14,2026-01-03,2350,started
PLC000191,APP001043,2025-12-15,2026-01-07,1300,started
PLC000192,APP001031,2025-12-17,2026-01-12,3350,started
PLC000193,APP001049,2025-12-17,2025-12-29,1200,started
PLC000194,APP001048,2025-12-19,2026-01-11,3150,started
PLC000195,APP001055,2025-12-21,2026-01-11,1200,started
PLC000196,APP001077,2025-12-22,2026-01-15,1200,started
PLC000197,APP001061,2025-12-24,2026-01-08,1250,started
PLC000198,APP001084,2025-12-25,2026-01-08,1300,started
PLC000199,APP001062,2025-12-27,2026-01-12,1250,started
PLC000200,APP001067,2025-12-27,2026-01-08,2150,started
PLC000201,APP001092,2025-12-31,2026-01-25,2200,started
PLC000202,APP001076,2026-01-01,2026-01-11,1600,started
PLC000203,APP001131,2026-01-02,2026-01-19,3000,started
PLC000204,APP001107,2026-01-06,2026-01-14,2200,started
PLC000205,APP001124,2026-01-06,2026-02-02,3000,started
PLC000206,APP001157,2026-01-06,2026-01-25,1350,started
PLC000207,APP001142,2026-01-10,2026-01-17,3150,started
PLC000208,APP001129,2026-01-11,2026-01-21,1950,started
PLC000209,APP001122,2026-01-12,2026-01-28,2750,started
PLC000210,APP001136,2026-01-13,2026-02-06,1250,started
PLC000211,APP001147,2026-01-13,2026-02-05,3050,started
PLC000212,APP001169,2026-01-14,2026-02-12,1250,started
PLC000213,APP001163,2026-01-17,2026-02-16,2200,started
PLC000214,APP001153,2026-01-18,2026-02-14,1450,started
PLC000215,APP001191,2026-01-22,2026-02-11,1250,started
PLC000216,APP001201,2026-01-22,2026-02-01,2350,started
PLC000217,APP001192,2026-01-22,2026-02-08,1350,started
PLC000218,APP001186,2026-01-25,2026-02-11,2100,started
PLC000219,APP001249,2026-01-30,2026-02-09,3150,started
PLC000220,APP001206,2026-01-31,2026-02-20,1250,started
PLC000221,APP001233,2026-02-01,2026-02-24,2150,started
PLC000222,APP001234,2026-02-04,2026-02-28,1500,started
PLC000223,APP001222,2026-02-04,2026-02-16,1550,started
PLC000224,APP001273,2026-02-04,2026-02-21,1300,started
PLC000225,APP001223,2026-02-05,2026-02-24,1450,started
PLC000226,APP001244,2026-02-09,2026-03-05,1350,started
PLC000227,APP001271,2026-02-09,2026-03-05,1650,started
PLC000228,APP001262,2026-02-10,2026-02-28,2050,started
PLC000229,APP001248,2026-02-12,2026-03-06,1400,started
PLC000230,APP001265,2026-02-13,2026-02-23,2200,started
PLC000231,APP001241,2026-02-13,2026-03-15,2150,started
PLC000232,APP001283,2026-02-13,2026-02-24,1350,started
PLC000233,APP001285,2026-02-13,2026-02-22,2400,started
PLC000234,APP001289,2026-02-18,2026-03-15,2050,started
PLC000235,APP001336,2026-02-21,2026-03-09,2350,started
PLC000236,APP001324,2026-02-22,2026-03-09,1250,started
PLC000237,APP001334,2026-02-23,2026-03-05,2000,started
PLC000238,APP001340,2026-02-26,2026-03-06,2200,started
PLC000239,APP001315,2026-02-27,2026-03-22,2250,started
PLC000240,APP001322,2026-02-27,2026-03-27,2050,started
PLC000241,APP001320,2026-02-28,2026-03-23,1450,started
PLC000242,APP001369,2026-02-28,2026-03-22,1400,started
PLC000243,APP001383,2026-03-05,2026-03-21,1700,started
PLC000244,APP001371,2026-03-07,2026-03-16,1500,started
PLC000245,APP001402,2026-03-10,2026-03-26,2300,started
PLC000246,APP001413,2026-03-14,2026-03-31,1350,started
PLC000247,APP001423,2026-03-18,2026-04-14,1250,started
PLC000248,APP001435,2026-03-18,2026-04-01,2300,started
PLC000249,APP001434,2026-03-19,2026-04-14,1350,started
PLC000250,APP001426,2026-03-20,2026-04-05,3250,started
PLC000251,APP001447,2026-03-24,2026-04-14,2000,started
PLC000252,APP001474,2026-03-24,2026-04-08,2900,started
PLC000253,APP001452,2026-03-24,2026-04-02,3150,started
PLC000254,APP001476,2026-03-25,2026-04-11,3100,started
PLC000255,APP001521,2026-03-29,2026-04-15,2350,started
PLC000256,APP001472,2026-03-30,2026-04-16,1350,started
PLC000257,APP001491,2026-03-30,2026-04-18,1350,started
PLC000258,APP001494,2026-03-31,2026-04-29,2100,started
PLC000259,APP001518,2026-04-01,2026-04-13,1350,started
PLC000260,APP001524,2026-04-04,2026-05-03,2200,started
PLC000261,APP001544,2026-04-05,2026-04-21,1350,started
PLC000262,APP001560,2026-04-05,2026-05-03,1500,started
PLC000263,APP001534,2026-04-06,2026-04-23,1400,started
PLC000264,APP001578,2026-04-09,2026-04-20,1650,started
PLC000265,APP001587,2026-04-11,2026-05-10,1250,started
PLC000266,APP001601,2026-04-12,2026-05-03,2950,started
PLC000267,APP001588,2026-04-13,2026-05-02,3350,started
PLC000268,APP001574,2026-04-13,2026-05-10,1300,started
PLC000269,APP001613,2026-04-16,2026-05-11,2300,started
PLC000270,APP001612,2026-04-16,2026-05-08,2250,started
PLC000271,APP001621,2026-04-19,2026-04-27,1550,started
PLC000272,APP001598,2026-04-19,2026-05-09,3300,started
PLC000273,APP001639,2026-04-20,2026-05-17,2250,started
PLC000274,APP001667,2026-04-21,2026-05-13,1450,started
PLC000275,APP001644,2026-04-24,2026-05-17,1300,started
PLC000276,APP001676,2026-04-24,2026-05-06,1500,started
PLC000277,APP001680,2026-04-26,2026-05-23,1250,started
PLC000278,APP001695,2026-04-27,2026-05-21,1600,started
PLC000279,APP001715,2026-04-28,2026-05-21,1200,started
PLC000280,APP001692,2026-04-28,2026-05-22,1650,started
PLC000281,APP001691,2026-04-29,2026-05-21,1350,started
PLC000282,APP001700,2026-04-29,2026-05-13,1300,started
PLC000283,APP001742,2026-05-02,2026-05-28,2300,started
PLC000284,APP001717,2026-05-05,2026-05-20,2250,started
PLC000285,APP001747,2026-05-05,2026-05-16,1700,started
PLC000286,APP001711,2026-05-06,2026-05-30,2150,started
PLC000287,APP001739,2026-05-08,2026-06-07,1350,started
PLC000288,APP001761,2026-05-08,2026-05-30,2250,started
PLC000289,APP001729,2026-05-09,2026-05-17,1350,started
PLC000290,APP001754,2026-05-12,2026-05-21,2750,started
PLC000291,APP001781,2026-05-13,2026-06-01,1200,started
PLC000292,APP001774,2026-05-17,2026-06-01,1550,started
PLC000293,APP001821,2026-05-18,2026-06-04,3200,started
PLC000294,APP001788,2026-05-19,2026-06-13,2350,started
PLC000295,APP001782,2026-05-19,2026-06-03,1400,started
PLC000296,APP001812,2026-05-24,2026-06-05,1250,started
PLC000297,APP001810,2026-05-24,2026-06-16,1550,started
PLC000298,APP001857,2026-05-24,2026-06-18,1950,started
PLC000299,APP001801,2026-05-24,2026-06-11,2250,started
PLC000300,APP001827,2026-05-26,2026-06-03,1250,started
PLC000301,APP001884,2026-05-27,2026-06-19,2550,started
PLC000302,APP001847,2026-05-29,2026-06-26,1400,started
PLC000303,APP001856,2026-05-30,2026-06-06,1250,started
PLC000304,APP001853,2026-06-01,2026-06-27,1400,started
PLC000305,APP001917,2026-06-04,2026-06-21,1750,started
PLC000306,APP001882,2026-06-05,2026-06-16,3050,started
PLC000307,APP001889,2026-06-05,2026-06-26,3000,started
PLC000308,APP001928,2026-06-06,2026-07-06,1500,started
PLC000309,APP001960,2026-06-11,2026-07-10,2900,started
PLC000310,APP001945,2026-06-12,2026-07-09,1650,started
PLC000311,APP001924,2026-06-14,2026-06-29,1250,started
PLC000312,APP001976,2026-06-14,2026-06-29,2800,started
PLC000313,APP001946,2026-06-14,2026-07-08,1550,started
PLC000314,APP001923,2026-06-15,2026-06-29,3250,started
PLC000315,APP001999,2026-06-21,2026-07-05,1750,started
PLC000316,APP002001,2026-06-23,2026-06-30,2100,started
PLC000317,APP002020,2026-06-24,2026-07-16,1350,started
PLC000318,APP002011,2026-06-25,2026-07-12,2250,started
PLC000319,APP002030,2026-06-25,2026-07-25,1450,started
PLC000320,APP002026,2026-06-28,2026-07-18,1550,started
PLC000321,APP002036,2026-06-30,2026-07-10,1350,started
PLC000322,APP002035,2026-07-01,2026-07-29,1350,started
PLC000323,APP002045,2026-07-02,2026-08-01,3550,started
PLC000324,APP002082,2026-07-05,2026-07-23,1200,started
PLC000325,APP002101,2026-07-06,2026-07-14,1550,started
PLC000326,APP002071,2026-07-07,2026-07-14,2300,started
PLC000327,APP002083,2026-07-07,2026-07-20,1450,started
PLC000328,APP002141,2026-07-07,2026-08-05,3250,started
PLC000329,APP002134,2026-07-09,2026-07-16,2700,started
PLC000330,APP002154,2026-07-09,2026-07-22,1250,started
PLC000331,APP002063,2026-07-10,2026-07-28,2300,started
PLC000332,APP002122,2026-07-11,2026-07-26,3200,started
PLC000333,APP002135,2026-07-11,2026-07-31,1300,started
PLC000334,APP002152,2026-07-12,2026-07-22,1350,started
PLC000335,APP002171,2026-07-13,2026-07-26,1350,started
PLC000336,APP002160,2026-07-16,2026-08-03,2900,started
PLC000337,APP002145,2026-07-17,2026-08-10,2100,started
PLC000338,APP002191,2026-07-18,2026-08-06,2150,started
PLC000339,APP002230,2026-07-23,2026-08-17,3400,started
PLC000340,APP002237,2026-07-26,2026-08-02,2900,started
PLC000341,APP002255,2026-07-26,2026-08-13,1300,started
PLC000342,APP002207,2026-07-28,2026-08-26,1600,started
PLC000343,APP002223,2026-07-28,2026-08-14,1400,started
PLC000344,APP002254,2026-07-28,2026-08-17,2400,started
PLC000345,APP002221,2026-07-29,2026-08-19,2200,started
PLC000346,APP002242,2026-07-29,2026-08-10,1550,started
PLC000347,APP002248,2026-07-30,2026-08-17,3100,started
PLC000348,APP002267,2026-07-31,2026-08-13,1350,started
PLC000349,APP002268,2026-08-01,2026-08-30,2200,started
PLC000350,APP002263,2026-08-02,2026-08-10,2900,started
PLC000351,APP002286,2026-08-05,2026-08-14,1300,started
PLC000352,APP002327,2026-08-07,2026-08-23,2300,started
PLC000353,APP002317,2026-08-07,2026-09-04,1500,started
PLC000354,APP002334,2026-08-07,2026-08-18,1600,started
PLC000355,APP002314,2026-08-08,2026-09-03,1250,started
PLC000356,APP002296,2026-08-08,2026-09-07,3150,started
PLC000357,APP002331,2026-08-10,2026-09-02,3100,started
PLC000358,APP002347,2026-08-10,2026-09-03,2300,started
PLC000359,APP002388,2026-08-11,2026-09-03,1350,started
PLC000360,APP002393,2026-08-11,2026-09-03,2500,started
PLC000361,APP002372,2026-08-12,2026-09-06,1250,started
PLC000362,APP002380,2026-08-15,2026-09-05,2350,started
PLC000363,APP002348,2026-08-16,2026-09-12,3050,started
PLC000364,APP002369,2026-08-16,2026-08-26,1550,started
PLC000365,APP002401,2026-08-16,2026-09-06,2200,started
PLC000366,APP002392,2026-08-16,2026-09-12,2350,started
PLC000367,APP002382,2026-08-18,2026-08-26,2950,started
PLC000368,APP002425,2026-08-19,2026-08-29,2100,started
PLC000369,APP002436,2026-08-20,2026-09-10,3250,started
PLC000370,APP002416,2026-08-21,2026-09-14,2400,started
PLC000371,APP002412,2026-08-21,2026-09-04,2600,started
PLC000372,APP002440,2026-08-21,2026-09-15,1800,started
PLC000373,APP002463,2026-08-21,2026-09-16,2200,started
PLC000374,APP002395,2026-08-22,2026-09-08,1350,started
PLC000375,APP002423,2026-08-23,2026-09-13,2400,started
PLC000376,APP002408,2026-08-23,2026-09-02,1350,started
PLC000377,APP002449,2026-08-23,2026-09-05,2200,started
PLC000378,APP002460,2026-08-28,2026-09-05,3300,started
PLC000379,APP002487,2026-08-29,2026-09-14,1200,started
PLC000380,APP002511,2026-09-01,2026-09-11,3250,started
PLC000381,APP002519,2026-09-02,2026-09-26,2200,started
PLC000382,APP002501,2026-09-05,2026-09-15,1350,started
PLC000383,APP002505,2026-09-06,2026-09-20,1200,started
PLC000384,APP002545,2026-09-09,2026-10-07,1450,planned
PLC000385,APP002565,2026-09-10,2026-09-23,2950,started
PLC000386,APP002558,2026-09-10,2026-09-23,3200,started
PLC000387,APP002588,2026-09-10,2026-09-21,3000,started
PLC000388,APP002561,2026-09-11,2026-10-06,1350,planned
PLC000389,APP002551,2026-09-12,2026-10-11,1350,planned
PLC000390,APP002600,2026-09-16,2026-09-27,1450,started
PLC000391,APP002619,2026-09-18,2026-10-14,1450,planned
PLC000392,APP002635,2026-09-18,2026-10-11,1650,planned
PLC000393,APP002621,2026-09-20,2026-10-16,1200,planned
PLC000394,APP002646,2026-09-20,2026-10-19,3100,planned
PLC000395,APP002612,2026-09-20,2026-09-28,1400,started
PLC000396,APP002613,2026-09-23,2026-10-08,1350,planned
PLC000397,APP002672,2026-09-23,2026-10-02,2050,planned
PLC000398,APP002658,2026-09-25,2026-10-11,3050,planned
PLC000399,APP002688,2026-09-27,2026-10-14,1250,planned
