recruiter_id,role_type,join_date,leave_date
RA001,RA,2024-04-01,
RA002,RA,2024-04-01,
RA003,RA,2024-04-01,
RA004,RA,2024-04-01,
RA005,RA,2024-04-01,
RA006,RA,2024-04-01,
RA007,RA,2024-04-01,
RA008,RA,2024-04-01,
RA009,RA,2024-04-01,
RA010,RA,2024-04-01,
RA011,RA,2024-04-01,
RA012,RA,2024-04-01,
RA013,RA,2024-04-01,
RA014,RA,2026-04-01,
CA001,CA,2024-04-01,
CA002,CA,2024-04-01,
CA003,CA,2024-04-01,
CA004,CA,2024-04-01,
CA005,CA,2024-04-01,
CA006,CA,2024-04-01,
CA007,CA,2024-04-01,
CA008,CA,2024-04-01,
CA009,CA,2024-04-01,
CA010,CA,2024-04-01,
CA011,CA,2024-04-01,
CA012,CA,2024-04-01,
CA013,CA,2024-04-01,
CA014,CA,2024-04-01,
CA015,CA,2024-04-01,
CA016,CA,2024-04-01,
CA017,CA,2024-04-01,
CA018,CA,2024-04-01,
CA019,CA,2024-04-01,
CA020,CA,2024-04-01,
CA021,CA,2024-04-01,
CA022,CA,2026-04-01,
