visit_id,application_id,scheduled_date,visit_date,visit_status,result
VIS000001,APP000004,2025-04-07,2025-04-11,completed,continue
VIS000002,APP000005,2025-04-09,2025-04-14,completed,continue
VIS000003,APP000007,2025-04-09,2025-04-15,completed,continue
VIS000004,APP000009,2025-04-10,2025-04-12,completed,continue
VIS000005,APP000010,2025-04-11,2025-04-15,completed,decline
VIS000006,APP000012,2025-04-12,,cancelled,
VIS000007,APP000015,2025-04-12,2025-04-18,completed,continue
VIS000008,APP000017,2025-04-14,2025-04-17,completed,decline
VIS000009,APP000018,2025-04-15,2025-04-19,completed,continue
VIS000011,APP000020,2025-04-19,,cancelled,
VIS000012,APP000022,2025-04-19,2025-04-25,completed,decline
VIS000013,APP000024,2025-04-19,2025-04-24,completed,continue
VIS000014,APP000026,2025-04-20,2025-04-26,completed,continue
VIS000015,APP000027,2025-04-22,2025-04-29,completed,continue
VIS000016,APP000028,2025-04-26,2025-05-01,completed,continue
VIS000017,APP000031,2025-04-20,2025-04-22,completed,continue
VIS000018,APP000033,2025-04-23,2025-04-29,completed,continue
VIS000019,APP000035,2025-04-25,2025-05-02,completed,continue
VIS000021,APP000037,2025-04-21,2025-04-27,completed,continue
VIS000022,APP000039,2025-04-21,2025-04-27,completed,continue
VIS000023,APP000040,2025-04-26,2025-05-01,completed,continue
VIS000025,APP000042,2025-04-27,2025-05-01,completed,decline
VIS000026,APP000044,2025-04-30,2025-05-03,completed,decline
VIS000027,APP000045,2025-04-29,,cancelled,
VIS000028,APP000046,2025-04-26,2025-04-29,completed,continue
VIS000029,APP000048,2025-04-27,2025-05-02,completed,continue
VIS000031,APP000050,2025-04-30,2025-05-02,completed,continue
VIS000032,APP000053,2025-04-27,2025-04-29,completed,continue
VIS000033,APP000054,2025-05-01,2025-05-07,completed,continue
VIS000034,APP000056,2025-05-01,2025-05-06,completed,continue
VIS000035,APP000057,2025-04-30,2025-05-03,completed,continue
VIS000036,APP000058,2025-04-30,2025-05-03,completed,continue
VIS000037,APP000059,2025-05-01,2025-05-08,completed,decline
VIS000038,APP000062,2025-05-02,2025-05-07,completed,continue
VIS000040,APP000064,2025-05-04,2025-05-09,completed,continue
VIS000041,APP000065,2025-05-03,2025-05-06,completed,continue
VIS000042,APP000066,2025-05-05,,cancelled,
VIS000043,APP000068,2025-05-03,2025-05-06,completed,continue
VIS000044,APP000072,2025-05-04,2025-05-07,completed,continue
VIS000045,APP000074,2025-05-06,2025-05-12,completed,continue
VIS000046,APP000075,2025-05-06,2025-05-12,completed,decline
VIS000047,APP000080,2025-05-08,2025-05-14,completed,continue
VIS000049,APP000086,2025-05-07,2025-05-09,completed,continue
VIS000050,APP000087,2025-05-08,2025-05-12,completed,continue
VIS000052,APP000090,2025-05-06,2025-05-13,completed,decline
VIS000053,APP000091,2025-05-09,2025-05-13,completed,continue
VIS000054,APP000095,2025-05-11,2025-05-17,completed,decline
VIS000055,APP000096,2025-05-07,2025-05-11,completed,decline
VIS000056,APP000097,2025-05-10,2025-05-12,completed,continue
VIS000057,APP000102,2025-05-11,2025-05-17,completed,continue
VIS000058,APP000104,2025-05-13,2025-05-19,completed,continue
VIS000059,APP000106,2025-05-14,2025-05-16,completed,continue
VIS000060,APP000107,2025-05-15,2025-05-21,completed,decline
VIS000061,APP000109,2025-05-13,2025-05-20,completed,continue
VIS000062,APP000111,2025-05-16,2025-05-18,completed,decline
VIS000063,APP000112,2025-05-15,2025-05-17,completed,continue
VIS000064,APP000113,2025-05-14,2025-05-18,completed,continue
VIS000065,APP000114,2025-05-13,2025-05-15,completed,decline
VIS000066,APP000115,2025-05-13,2025-05-17,completed,continue
VIS000067,APP000117,2025-05-19,2025-05-21,completed,decline
VIS000068,APP000119,2025-05-14,2025-05-19,completed,continue
VIS000069,APP000121,2025-05-16,2025-05-21,completed,continue
VIS000070,APP000122,2025-05-16,2025-05-19,completed,continue
VIS000071,APP000124,2025-05-17,2025-05-21,completed,decline
VIS000072,APP000125,2025-05-18,2025-05-22,completed,continue
VIS000074,APP000131,2025-05-20,2025-05-23,completed,continue
VIS000075,APP000132,2025-05-20,2025-05-25,completed,continue
VIS000077,APP000135,2025-05-20,2025-05-25,completed,continue
VIS000078,APP000136,2025-05-17,2025-05-24,completed,continue
VIS000080,APP000138,2025-05-22,2025-05-26,completed,decline
VIS000081,APP000139,2025-05-19,2025-05-24,completed,continue
VIS000082,APP000141,2025-05-22,2025-05-24,completed,continue
VIS000083,APP000142,2025-05-20,,cancelled,
VIS000084,APP000143,2025-05-21,2025-05-24,completed,decline
VIS000085,APP000144,2025-05-21,2025-05-24,completed,continue
VIS000086,APP000145,2025-05-19,2025-05-25,completed,decline
VIS000087,APP000146,2025-05-23,2025-05-30,completed,continue
VIS000089,APP000148,2025-05-21,2025-05-25,completed,continue
VIS000090,APP000150,2025-05-24,2025-05-30,completed,continue
VIS000091,APP000153,2025-05-26,2025-06-02,completed,decline
VIS000092,APP000154,2025-05-26,2025-05-30,completed,continue
VIS000093,APP000155,2025-05-24,2025-05-30,completed,continue
VIS000095,APP000160,2025-05-25,2025-05-28,completed,continue
VIS000096,APP000161,2025-05-25,2025-05-29,completed,continue
VIS000097,APP000162,2025-05-27,2025-06-03,completed,continue
VIS000098,APP000167,2025-05-27,2025-06-02,completed,decline
VIS000099,APP000168,2025-05-28,2025-05-30,completed,continue
VIS000100,APP000169,2025-05-26,2025-05-29,completed,continue
VIS000101,APP000170,2025-05-29,2025-06-01,completed,continue
VIS000102,APP000171,2025-05-27,,cancelled,
VIS000104,APP000173,2025-05-31,2025-06-02,completed,continue
VIS000105,APP000177,2025-05-30,2025-06-06,completed,continue
VIS000106,APP000178,2025-05-31,2025-06-04,completed,continue
VIS000107,APP000181,2025-05-31,2025-06-06,completed,continue
VIS000108,APP000182,2025-05-27,2025-06-01,completed,decline
VIS000110,APP000185,2025-06-01,2025-06-03,completed,continue
VIS000111,APP000186,2025-06-02,2025-06-06,completed,continue
VIS000112,APP000187,2025-06-01,,cancelled,
VIS000113,APP000189,2025-06-04,2025-06-07,completed,continue
VIS000114,APP000192,2025-06-04,2025-06-10,completed,decline
VIS000115,APP000193,2025-06-03,2025-06-07,completed,continue
VIS000116,APP000194,2025-06-02,2025-06-05,completed,continue
VIS000117,APP000195,2025-06-05,2025-06-12,completed,continue
VIS000118,APP000196,2025-06-07,2025-06-09,completed,continue
VIS000119,APP000197,2025-06-02,2025-06-05,completed,decline
VIS000120,APP000198,2025-06-04,2025-06-06,completed,continue
VIS000122,APP000207,2025-06-08,2025-06-10,completed,continue
VIS000123,APP000208,2025-06-08,2025-06-15,completed,decline
VIS000124,APP000209,2025-06-06,2025-06-13,completed,decline
VIS000125,APP000212,2025-06-09,2025-06-14,completed,continue
VIS000126,APP000213,2025-06-07,2025-06-09,completed,continue
VIS000127,APP000215,2025-06-09,,cancelled,
VIS000128,APP000216,2025-06-09,2025-06-12,completed,continue
VIS000129,APP000217,2025-06-10,2025-06-13,completed,continue
VIS000130,APP000222,2025-06-13,2025-06-19,completed,continue
VIS000131,APP000223,2025-06-09,2025-06-16,completed,continue
VIS000132,APP000224,2025-06-11,2025-06-15,completed,continue
VIS000133,APP000225,2025-06-12,2025-06-18,completed,continue
VIS000134,APP000226,2025-06-12,2025-06-19,completed,continue
VIS000135,APP000230,2025-06-15,2025-06-20,completed,continue
VIS000136,APP000231,2025-06-15,2025-06-22,completed,continue
VIS000137,APP000232,2025-06-14,2025-06-21,completed,continue
VIS000138,APP000233,2025-06-15,2025-06-17,completed,continue
VIS000140,APP000235,2025-06-13,2025-06-15,completed,continue
VIS000141,APP000237,2025-06-15,2025-06-18,completed,continue
VIS000142,APP000239,2025-06-16,2025-06-18,completed,continue
VIS000143,APP000242,2025-06-16,2025-06-22,completed,decline
VIS000144,APP000244,2025-06-17,2025-06-21,completed,continue
VIS000145,APP000245,2025-06-16,2025-06-20,completed,continue
VIS000146,APP000247,2025-06-18,2025-06-25,completed,decline
VIS000147,APP000248,2025-06-15,2025-06-18,completed,continue
VIS000148,APP000251,2025-06-20,2025-06-22,completed,continue
VIS000149,APP000252,2025-06-18,2025-06-23,completed,continue
VIS000150,APP000253,2025-06-18,2025-06-20,completed,continue
VIS000151,APP000254,2025-06-21,2025-06-26,completed,decline
VIS000152,APP000255,2025-06-19,,cancelled,
VIS000153,APP000258,2025-06-19,2025-06-26,completed,continue
VIS000154,APP000259,2025-06-21,2025-06-26,completed,continue
VIS000156,APP000261,2025-06-21,2025-06-25,completed,continue
VIS000157,APP000263,2025-06-23,2025-06-30,completed,continue
VIS000158,APP000267,2025-06-25,2025-06-28,completed,continue
VIS000159,APP000270,2025-06-23,2025-06-30,completed,continue
VIS000160,APP000278,2025-06-24,2025-06-26,completed,continue
VIS000161,APP000279,2025-06-25,2025-07-02,completed,decline
VIS000162,APP000283,2025-06-24,,cancelled,
VIS000163,APP000284,2025-06-25,2025-06-29,completed,continue
VIS000164,APP000285,2025-06-27,2025-06-29,completed,continue
VIS000165,APP000286,2025-06-26,2025-06-30,completed,continue
VIS000166,APP000287,2025-06-30,2025-07-06,completed,continue
VIS000167,APP000288,2025-06-28,2025-07-03,completed,continue
VIS000168,APP000291,2025-06-26,2025-06-30,completed,decline
VIS000171,APP000297,2025-06-29,2025-07-02,completed,continue
VIS000172,APP000300,2025-06-30,2025-07-02,completed,continue
VIS000174,APP000302,2025-06-28,2025-07-04,completed,continue
VIS000175,APP000303,2025-06-29,2025-07-02,completed,continue
VIS000176,APP000304,2025-06-30,2025-07-05,completed,continue
VIS000177,APP000305,2025-06-27,2025-06-29,completed,decline
VIS000178,APP000307,2025-06-28,2025-07-03,completed,continue
VIS000179,APP000311,2025-06-29,2025-07-03,completed,continue
VIS000180,APP000312,2025-06-30,2025-07-07,completed,continue
VIS000181,APP000317,2025-06-29,2025-07-05,completed,continue
VIS000182,APP000318,2025-07-01,2025-07-05,completed,continue
VIS000183,APP000319,2025-06-30,2025-07-05,completed,decline
VIS000184,APP000320,2025-07-03,2025-07-10,completed,continue
VIS000185,APP000321,2025-07-05,2025-07-07,completed,continue
VIS000186,APP000323,2025-07-04,2025-07-06,completed,continue
VIS000187,APP000325,2025-07-05,2025-07-12,completed,continue
VIS000188,APP000326,2025-07-06,2025-07-09,completed,continue
VIS000189,APP000328,2025-07-03,2025-07-06,completed,continue
VIS000190,APP000329,2025-07-07,,cancelled,
VIS000191,APP000330,2025-07-05,2025-07-08,completed,decline
VIS000192,APP000331,2025-07-06,2025-07-13,completed,continue
VIS000193,APP000332,2025-07-05,2025-07-08,completed,continue
VIS000194,APP000339,2025-07-09,2025-07-15,completed,continue
VIS000195,APP000341,2025-07-09,2025-07-15,completed,continue
VIS000198,APP000345,2025-07-09,,cancelled,
VIS000199,APP000346,2025-07-06,2025-07-10,completed,continue
VIS000200,APP000347,2025-07-06,,cancelled,
VIS000201,APP000348,2025-07-10,2025-07-12,completed,continue
VIS000202,APP000349,2025-07-10,2025-07-14,completed,continue
VIS000203,APP000350,2025-07-06,2025-07-13,completed,decline
VIS000204,APP000352,2025-07-11,2025-07-18,completed,continue
VIS000205,APP000353,2025-07-07,2025-07-11,completed,continue
VIS000206,APP000355,2025-07-09,2025-07-14,completed,continue
VIS000207,APP000356,2025-07-09,2025-07-11,completed,continue
VIS000208,APP000359,2025-07-11,2025-07-14,completed,continue
VIS000209,APP000363,2025-07-11,2025-07-13,completed,decline
VIS000211,APP000365,2025-07-13,2025-07-15,completed,continue
VIS000212,APP000366,2025-07-14,2025-07-16,completed,decline
VIS000213,APP000367,2025-07-16,2025-07-23,completed,continue
VIS000214,APP000369,2025-07-16,2025-07-20,completed,continue
VIS000215,APP000370,2025-07-17,2025-07-24,completed,continue
VIS000216,APP000371,2025-07-12,2025-07-17,completed,decline
VIS000217,APP000375,2025-07-14,2025-07-18,completed,decline
VIS000218,APP000377,2025-07-13,2025-07-15,completed,continue
VIS000219,APP000379,2025-07-17,,cancelled,
VIS000221,APP000382,2025-07-18,2025-07-24,completed,continue
VIS000222,APP000383,2025-07-16,2025-07-19,completed,decline
VIS000223,APP000384,2025-07-16,2025-07-19,completed,decline
VIS000224,APP000385,2025-07-16,2025-07-22,completed,continue
VIS000225,APP000387,2025-07-18,2025-07-25,completed,continue
VIS000226,APP000388,2025-07-17,2025-07-21,completed,continue
VIS000227,APP000389,2025-07-19,2025-07-25,completed,continue
VIS000228,APP000391,2025-07-18,2025-07-23,completed,continue
VIS000229,APP000392,2025-07-19,2025-07-22,completed,decline
VIS000230,APP000393,2025-07-19,2025-07-26,completed,continue
VIS000232,APP000395,2025-07-20,2025-07-25,completed,continue
VIS000233,APP000397,2025-07-21,2025-07-27,completed,continue
VIS000234,APP000398,2025-07-20,2025-07-24,completed,decline
VIS000235,APP000399,2025-07-19,,cancelled,
VIS000236,APP000400,2025-07-21,2025-07-27,completed,continue
VIS000237,APP000401,2025-07-19,2025-07-24,completed,continue
VIS000238,APP000402,2025-07-23,2025-07-27,completed,continue
VIS000239,APP000404,2025-07-20,2025-07-26,completed,continue
VIS000241,APP000407,2025-07-22,2025-07-27,completed,continue
VIS000243,APP000410,2025-07-24,2025-07-30,completed,continue
VIS000244,APP000411,2025-07-23,2025-07-30,completed,continue
VIS000245,APP000412,2025-07-22,2025-07-29,completed,continue
VIS000246,APP000414,2025-07-24,,cancelled,
VIS000247,APP000416,2025-07-27,2025-08-03,completed,continue
VIS000248,APP000417,2025-07-26,2025-08-02,completed,continue
VIS000249,APP000418,2025-07-27,2025-07-30,completed,continue
VIS000250,APP000420,2025-07-26,2025-07-30,completed,continue
VIS000251,APP000421,2025-07-23,2025-07-28,completed,continue
VIS000252,APP000422,2025-07-29,2025-08-04,completed,continue
VIS000253,APP000423,2025-07-26,2025-07-30,completed,decline
VIS000254,APP000424,2025-07-27,2025-08-03,completed,continue
VIS000255,APP000425,2025-07-28,2025-07-31,completed,continue
VIS000256,APP000429,2025-07-27,2025-08-02,completed,continue
VIS000257,APP000431,2025-07-28,2025-08-02,completed,decline
VIS000258,APP000433,2025-07-28,2025-08-02,completed,continue
VIS000259,APP000437,2025-07-28,2025-07-31,completed,continue
VIS000260,APP000438,2025-07-29,2025-08-02,completed,continue
VIS000261,APP000440,2025-07-28,,cancelled,
VIS000263,APP000446,2025-08-01,2025-08-05,completed,continue
VIS000264,APP000448,2025-08-03,2025-08-09,completed,decline
VIS000265,APP000454,2025-08-04,2025-08-09,completed,continue
VIS000266,APP000455,2025-07-31,2025-08-04,completed,continue
VIS000267,APP000456,2025-08-02,2025-08-04,completed,continue
VIS000268,APP000458,2025-07-31,2025-08-07,completed,continue
VIS000269,APP000459,2025-08-03,2025-08-05,completed,continue
VIS000270,APP000460,2025-08-03,2025-08-09,completed,decline
VIS000271,APP000461,2025-08-04,2025-08-08,completed,continue
VIS000273,APP000463,2025-08-03,2025-08-07,completed,decline
VIS000274,APP000464,2025-08-06,2025-08-12,completed,continue
VIS000276,APP000467,2025-08-03,2025-08-05,completed,decline
VIS000277,APP000468,2025-08-03,2025-08-07,completed,continue
VIS000278,APP000469,2025-08-05,2025-08-09,completed,continue
VIS000279,APP000470,2025-08-04,2025-08-11,completed,continue
VIS000281,APP000472,2025-08-05,2025-08-12,completed,continue
VIS000282,APP000474,2025-08-08,2025-08-11,completed,continue
VIS000283,APP000475,2025-08-06,2025-08-11,completed,decline
VIS000284,APP000476,2025-08-06,2025-08-13,completed,continue
VIS000285,APP000477,2025-08-08,2025-08-10,completed,continue
VIS000286,APP000478,2025-08-07,,cancelled,
VIS000287,APP000479,2025-08-08,2025-08-10,completed,continue
VIS000288,APP000480,2025-08-09,2025-08-11,completed,continue
VIS000289,APP000484,2025-08-06,2025-08-10,completed,continue
VIS000290,APP000488,2025-08-09,2025-08-13,completed,continue
VIS000291,APP000490,2025-08-13,2025-08-16,completed,continue
VIS000292,APP000493,2025-08-09,2025-08-12,completed,decline
VIS000293,APP000494,2025-08-12,2025-08-17,completed,continue
VIS000294,APP000497,2025-08-11,2025-08-13,completed,continue
VIS000295,APP000498,2025-08-09,2025-08-13,completed,continue
VIS000296,APP000499,2025-08-10,2025-08-16,completed,continue
VIS000297,APP000500,2025-08-11,,cancelled,
VIS000298,APP000501,2025-08-14,2025-08-20,completed,continue
VIS000299,APP000503,2025-08-13,2025-08-16,completed,continue
VIS000301,APP000506,2025-08-12,2025-08-17,completed,continue
VIS000302,APP000509,2025-08-16,2025-08-21,completed,continue
VIS000303,APP000511,2025-08-16,,cancelled,
VIS000305,APP000514,2025-08-14,2025-08-17,completed,continue
VIS000306,APP000516,2025-08-13,2025-08-19,completed,continue
VIS000307,APP000517,2025-08-16,2025-08-20,completed,continue
VIS000308,APP000518,2025-08-19,2025-08-25,completed,decline
VIS000310,APP000520,2025-08-18,,cancelled,
VIS000311,APP000521,2025-08-16,2025-08-19,completed,continue
VIS000312,APP000523,2025-08-19,2025-08-23,completed,continue
VIS000313,APP000524,2025-08-17,2025-08-24,completed,decline
VIS000314,APP000526,2025-08-20,2025-08-26,completed,continue
VIS000315,APP000527,2025-08-18,2025-08-20,completed,continue
VIS000316,APP000528,2025-08-19,2025-08-25,completed,continue
VIS000317,APP000529,2025-08-19,2025-08-24,completed,decline
VIS000318,APP000531,2025-08-20,2025-08-27,completed,continue
VIS000319,APP000532,2025-08-20,,cancelled,
VIS000321,APP000535,2025-08-21,2025-08-28,completed,decline
VIS000322,APP000536,2025-08-20,2025-08-26,completed,continue
VIS000323,APP000537,2025-08-22,2025-08-29,completed,continue
VIS000324,APP000538,2025-08-20,,cancelled,
VIS000325,APP000539,2025-08-19,2025-08-23,completed,decline
VIS000326,APP000541,2025-08-21,2025-08-27,completed,continue
VIS000327,APP000542,2025-08-23,2025-08-30,completed,continue
VIS000328,APP000543,2025-08-24,2025-08-31,completed,continue
VIS000329,APP000545,2025-08-25,2025-08-29,completed,decline
VIS000330,APP000547,2025-08-20,2025-08-27,completed,continue
VIS000331,APP000549,2025-08-25,2025-08-31,completed,continue
VIS000332,APP000555,2025-08-24,2025-08-29,completed,continue
VIS000334,APP000557,2025-08-26,,cancelled,
VIS000335,APP000558,2025-08-25,2025-08-30,completed,continue
VIS000336,APP000561,2025-08-24,2025-08-30,completed,continue
VIS000337,APP000562,2025-08-28,2025-08-31,completed,decline
VIS000338,APP000563,2025-08-27,2025-09-01,completed,decline
VIS000339,APP000566,2025-08-27,2025-08-30,completed,continue
VIS000340,APP000567,2025-08-27,2025-09-02,completed,continue
VIS000341,APP000570,2025-08-30,2025-09-06,completed,decline
VIS000343,APP000574,2025-09-01,2025-09-08,completed,continue
VIS000344,APP000575,2025-08-30,,cancelled,
VIS000345,APP000576,2025-08-28,2025-09-04,completed,continue
VIS000346,APP000577,2025-09-02,2025-09-08,completed,continue
VIS000347,APP000579,2025-09-03,2025-09-06,completed,continue
VIS000348,APP000582,2025-09-01,2025-09-05,completed,continue
VIS000349,APP000583,2025-09-02,2025-09-08,completed,continue
VIS000350,APP000585,2025-09-04,2025-09-10,completed,continue
VIS000351,APP000587,2025-09-01,2025-09-07,completed,continue
VIS000352,APP000591,2025-09-04,2025-09-06,completed,continue
VIS000353,APP000593,2025-09-05,2025-09-08,completed,continue
VIS000354,APP000594,2025-09-03,2025-09-09,completed,continue
VIS000355,APP000596,2025-09-05,2025-09-09,completed,continue
VIS000356,APP000597,2025-09-05,2025-09-08,completed,continue
VIS000357,APP000598,2025-09-04,2025-09-07,completed,continue
VIS000358,APP000599,2025-09-08,2025-09-10,completed,continue
VIS000359,APP000600,2025-09-05,2025-09-12,completed,continue
VIS000360,APP000601,2025-09-05,2025-09-10,completed,decline
VIS000362,APP000604,2025-09-09,2025-09-13,completed,continue
VIS000363,APP000605,2025-09-09,2025-09-11,completed,continue
VIS000364,APP000607,2025-09-10,,cancelled,
VIS000365,APP000609,2025-09-07,2025-09-09,completed,decline
VIS000367,APP000611,2025-09-10,2025-09-14,completed,continue
VIS000368,APP000612,2025-09-12,2025-09-17,completed,continue
VIS000369,APP000615,2025-09-06,2025-09-12,completed,continue
VIS000370,APP000617,2025-09-13,2025-09-19,completed,decline
VIS000371,APP000618,2025-09-12,2025-09-16,completed,continue
VIS000372,APP000619,2025-09-10,2025-09-14,completed,continue
VIS000373,APP000620,2025-09-10,2025-09-14,completed,continue
VIS000374,APP000621,2025-09-12,2025-09-17,completed,continue
VIS000375,APP000622,2025-09-10,2025-09-13,completed,continue
VIS000376,APP000623,2025-09-10,,cancelled,
VIS000377,APP000624,2025-09-11,2025-09-14,completed,continue
VIS000378,APP000626,2025-09-14,2025-09-18,completed,continue
VIS000379,APP000629,2025-09-13,2025-09-17,completed,continue
VIS000381,APP000633,2025-09-13,2025-09-16,completed,continue
VIS000382,APP000634,2025-09-13,2025-09-15,completed,continue
VIS000383,APP000635,2025-09-12,2025-09-16,completed,continue
VIS000384,APP000636,2025-09-10,2025-09-14,completed,decline
VIS000385,APP000639,2025-09-12,2025-09-15,completed,continue
VIS000388,APP000642,2025-09-16,2025-09-18,completed,continue
VIS000389,APP000643,2025-09-15,2025-09-18,completed,continue
VIS000390,APP000644,2025-09-17,2025-09-21,completed,continue
VIS000391,APP000645,2025-09-16,2025-09-22,completed,continue
VIS000392,APP000646,2025-09-15,,cancelled,
VIS000393,APP000647,2025-09-13,2025-09-16,completed,continue
VIS000394,APP000648,2025-09-14,2025-09-16,completed,decline
VIS000395,APP000649,2025-09-15,2025-09-22,completed,continue
VIS000396,APP000650,2025-09-16,2025-09-21,completed,continue
VIS000397,APP000651,2025-09-17,2025-09-19,completed,continue
VIS000398,APP000652,2025-09-14,2025-09-16,completed,continue
VIS000399,APP000653,2025-09-17,2025-09-21,completed,continue
VIS000400,APP000654,2025-09-18,2025-09-24,completed,decline
VIS000401,APP000656,2025-09-18,2025-09-23,completed,continue
VIS000402,APP000658,2025-09-14,2025-09-18,completed,continue
VIS000404,APP000660,2025-09-20,2025-09-22,completed,decline
VIS000405,APP000663,2025-09-18,2025-09-25,completed,continue
VIS000406,APP000664,2025-09-20,,cancelled,
VIS000407,APP000665,2025-09-18,2025-09-22,completed,continue
VIS000408,APP000666,2025-09-19,,cancelled,
VIS000410,APP000668,2025-09-19,2025-09-22,completed,continue
VIS000411,APP000669,2025-09-21,2025-09-27,completed,continue
VIS000412,APP000670,2025-09-17,2025-09-24,completed,continue
VIS000414,APP000672,2025-09-20,2025-09-23,completed,continue
VIS000415,APP000676,2025-09-21,2025-09-28,completed,continue
VIS000416,APP000677,2025-09-22,2025-09-25,completed,continue
VIS000417,APP000678,2025-09-22,2025-09-27,completed,continue
VIS000418,APP000680,2025-09-23,2025-09-26,completed,continue
VIS000419,APP000681,2025-09-24,2025-09-27,completed,decline
VIS000420,APP000683,2025-09-21,2025-09-25,completed,continue
VIS000421,APP000684,2025-09-24,2025-09-30,completed,continue
VIS000422,APP000686,2025-09-24,2025-09-29,completed,continue
VIS000423,APP000688,2025-09-23,2025-09-26,completed,continue
VIS000424,APP000689,2025-09-24,2025-09-27,completed,continue
VIS000425,APP000690,2025-09-25,2025-09-27,completed,continue
VIS000426,APP000691,2025-09-26,2025-10-02,completed,continue
VIS000427,APP000695,2025-09-24,2025-09-28,completed,continue
VIS000428,APP000699,2025-09-24,2025-09-27,completed,continue
VIS000430,APP000701,2025-09-28,2025-10-04,completed,decline
VIS000431,APP000704,2025-09-25,2025-09-27,completed,continue
VIS000434,APP000709,2025-09-26,2025-10-01,completed,continue
VIS000435,APP000710,2025-09-27,,cancelled,
VIS000436,APP000715,2025-09-25,2025-09-28,completed,continue
VIS000437,APP000716,2025-09-29,2025-10-03,completed,continue
VIS000438,APP000717,2025-10-02,2025-10-06,completed,continue
VIS000439,APP000720,2025-09-29,2025-10-03,completed,decline
VIS000441,APP000722,2025-10-04,2025-10-08,completed,continue
VIS000442,APP000723,2025-09-29,2025-10-06,completed,continue
VIS000444,APP000725,2025-09-29,2025-10-06,completed,decline
VIS000445,APP000727,2025-10-01,2025-10-05,completed,decline
VIS000446,APP000728,2025-09-30,2025-10-05,completed,continue
VIS000447,APP000729,2025-10-02,2025-10-09,completed,continue
VIS000448,APP000730,2025-09-30,2025-10-04,completed,continue
VIS000449,APP000731,2025-10-07,2025-10-11,completed,continue
VIS000450,APP000734,2025-10-03,2025-10-08,completed,continue
VIS000451,APP000736,2025-10-02,2025-10-08,completed,continue
VIS000452,APP000737,2025-10-04,2025-10-07,completed,continue
VIS000453,APP000738,2025-10-02,2025-10-05,completed,continue
VIS000454,APP000740,2025-10-09,,cancelled,
VIS000455,APP000741,2025-10-06,2025-10-09,completed,decline
VIS000457,APP000749,2025-10-04,2025-10-09,completed,continue
VIS000460,APP000752,2025-10-07,2025-10-13,completed,continue
VIS000461,APP000753,2025-10-06,2025-10-12,completed,continue
VIS000462,APP000755,2025-10-05,2025-10-11,completed,continue
VIS000463,APP000760,2025-10-06,,cancelled,
VIS000464,APP000761,2025-10-10,2025-10-17,completed,continue
VIS000465,APP000762,2025-10-09,2025-10-11,completed,decline
VIS000466,APP000764,2025-10-09,2025-10-16,completed,continue
VIS000468,APP000769,2025-10-07,2025-10-09,completed,continue
VIS000469,APP000770,2025-10-08,2025-10-14,completed,continue
VIS000470,APP000771,2025-10-08,2025-10-14,completed,decline
VIS000471,APP000772,2025-10-10,,cancelled,
VIS000472,APP000773,2025-10-07,2025-10-14,completed,continue
VIS000473,APP000775,2025-10-10,2025-10-13,completed,continue
VIS000474,APP000777,2025-10-11,2025-10-16,completed,continue
VIS000475,APP000778,2025-10-09,2025-10-13,completed,continue
VIS000476,APP000780,2025-10-13,2025-10-15,completed,continue
VIS000477,APP000785,2025-10-13,2025-10-18,completed,decline
VIS000478,APP000787,2025-10-13,2025-10-16,completed,decline
VIS000479,APP000790,2025-10-13,2025-10-20,completed,decline
VIS000480,APP000792,2025-10-12,2025-10-18,completed,continue
VIS000481,APP000793,2025-10-13,2025-10-16,completed,continue
VIS000483,APP000797,2025-10-14,2025-10-20,completed,continue
VIS000484,APP000800,2025-10-15,2025-10-17,completed,decline
VIS000485,APP000804,2025-10-16,2025-10-21,completed,continue
VIS000486,APP000805,2025-10-13,2025-10-17,completed,decline
VIS000487,APP000806,2025-10-15,2025-10-19,completed,decline
VIS000488,APP000807,2025-10-17,2025-10-21,completed,decline
VIS000489,APP000810,2025-10-17,2025-10-20,completed,continue
VIS000490,APP000811,2025-10-14,2025-10-18,completed,continue
VIS000491,APP000813,2025-10-17,2025-10-20,completed,continue
VIS000493,APP000815,2025-10-17,2025-10-21,completed,continue
VIS000494,APP000817,2025-10-19,2025-10-21,completed,continue
VIS000495,APP000818,2025-10-19,2025-10-21,completed,decline
VIS000496,APP000823,2025-10-18,2025-10-25,completed,continue
VIS000497,APP000824,2025-10-17,2025-10-23,completed,decline
VIS000498,APP000825,2025-10-21,2025-10-25,completed,continue
VIS000499,APP000826,2025-10-17,2025-10-22,completed,decline
VIS000501,APP000829,2025-10-19,2025-10-25,completed,continue
VIS000502,APP000832,2025-10-20,2025-10-25,completed,continue
VIS000505,APP000841,2025-10-25,2025-10-27,completed,continue
VIS000506,APP000845,2025-10-23,2025-10-28,completed,continue
VIS000507,APP000846,2025-10-25,2025-10-31,completed,continue
VIS000508,APP000847,2025-10-25,2025-11-01,completed,continue
VIS000509,APP000848,2025-10-25,2025-10-31,completed,continue
VIS000510,APP000851,2025-10-27,2025-10-29,completed,continue
VIS000511,APP000853,2025-10-31,2025-11-02,completed,continue
VIS000513,APP000855,2025-10-23,2025-10-25,completed,continue
VIS000515,APP000860,2025-10-27,2025-11-03,completed,continue
VIS000516,APP000862,2025-10-25,2025-10-27,completed,continue
VIS000518,APP000864,2025-10-27,2025-10-31,completed,continue
VIS000519,APP000869,2025-10-28,2025-10-31,completed,continue
VIS000520,APP000871,2025-10-30,2025-11-04,completed,continue
VIS000521,APP000872,2025-11-01,2025-11-05,completed,decline
VIS000522,APP000873,2025-10-27,2025-10-30,completed,continue
VIS000523,APP000874,2025-11-02,2025-11-08,completed,continue
VIS000524,APP000875,2025-10-31,2025-11-07,completed,decline
VIS000525,APP000876,2025-10-30,2025-11-02,completed,continue
VIS000526,APP000877,2025-11-01,,cancelled,
VIS000527,APP000878,2025-10-30,2025-11-05,completed,continue
VIS000528,APP000880,2025-11-02,2025-11-08,completed,continue
VIS000532,APP000889,2025-10-31,2025-11-02,completed,decline
VIS000533,APP000890,2025-11-01,2025-11-04,completed,continue
VIS000534,APP000892,2025-11-05,2025-11-10,completed,continue
VIS000535,APP000894,2025-11-04,2025-11-08,completed,continue
VIS000536,APP000895,2025-11-03,2025-11-07,completed,continue
VIS000537,APP000896,2025-11-01,2025-11-08,completed,continue
VIS000538,APP000897,2025-11-03,2025-11-09,completed,continue
VIS000539,APP000901,2025-11-04,2025-11-09,completed,decline
VIS000540,APP000903,2025-11-03,2025-11-08,completed,continue
VIS000541,APP000906,2025-11-06,2025-11-09,completed,continue
VIS000542,APP000907,2025-10-31,2025-11-03,completed,continue
VIS000543,APP000908,2025-11-05,2025-11-08,completed,continue
VIS000544,APP000911,2025-11-11,2025-11-15,completed,continue
VIS000545,APP000912,2025-11-08,2025-11-15,completed,decline
VIS000546,APP000913,2025-11-09,,cancelled,
VIS000547,APP000914,2025-11-04,,cancelled,
VIS000548,APP000916,2025-11-06,2025-11-10,completed,continue
VIS000549,APP000919,2025-11-10,2025-11-17,completed,continue
VIS000550,APP000920,2025-11-11,2025-11-18,completed,continue
VIS000552,APP000923,2025-11-09,2025-11-13,completed,decline
VIS000553,APP000925,2025-11-07,2025-11-12,completed,continue
VIS000555,APP000927,2025-11-09,2025-11-13,completed,continue
VIS000556,APP000929,2025-11-08,,cancelled,
VIS000557,APP000931,2025-11-10,2025-11-17,completed,continue
VIS000558,APP000932,2025-11-09,2025-11-16,completed,decline
VIS000559,APP000933,2025-11-11,2025-11-14,completed,continue
VIS000560,APP000935,2025-11-08,2025-11-14,completed,continue
VIS000561,APP000936,2025-11-10,2025-11-17,completed,continue
VIS000562,APP000938,2025-11-11,2025-11-18,completed,continue
VIS000563,APP000939,2025-11-11,2025-11-17,completed,continue
VIS000564,APP000943,2025-11-14,2025-11-16,completed,continue
VIS000565,APP000945,2025-11-12,2025-11-17,completed,continue
VIS000566,APP000946,2025-11-13,2025-11-20,completed,continue
VIS000567,APP000949,2025-11-13,2025-11-20,completed,continue
VIS000570,APP000952,2025-11-16,2025-11-20,completed,continue
VIS000571,APP000953,2025-11-14,2025-11-19,completed,continue
VIS000572,APP000954,2025-11-13,2025-11-17,completed,continue
VIS000573,APP000955,2025-11-17,2025-11-22,completed,continue
VIS000574,APP000958,2025-11-21,,cancelled,
VIS000575,APP000960,2025-11-18,2025-11-25,completed,continue
VIS000576,APP000962,2025-11-22,2025-11-28,completed,continue
VIS000577,APP000963,2025-11-21,2025-11-27,completed,continue
VIS000578,APP000965,2025-11-21,2025-11-26,completed,continue
VIS000579,APP000967,2025-11-18,,cancelled,
VIS000582,APP000975,2025-11-21,2025-11-24,completed,continue
VIS000583,APP000977,2025-11-23,,cancelled,
VIS000584,APP000981,2025-11-24,2025-11-29,completed,continue
VIS000586,APP000984,2025-11-24,2025-12-01,completed,continue
VIS000587,APP000985,2025-11-21,2025-11-25,completed,continue
VIS000588,APP000987,2025-11-25,2025-11-27,completed,continue
VIS000589,APP000988,2025-11-28,,cancelled,
VIS000590,APP000990,2025-11-23,2025-11-26,completed,decline
VIS000591,APP000991,2025-11-30,2025-12-04,completed,continue
VIS000592,APP000992,2025-11-29,2025-12-01,completed,continue
VIS000593,APP000994,2025-11-22,2025-11-28,completed,continue
VIS000594,APP000995,2025-11-24,2025-11-30,completed,continue
VIS000596,APP000997,2025-11-25,,cancelled,
VIS000597,APP000998,2025-11-24,2025-11-30,completed,decline
VIS000598,APP000999,2025-11-25,2025-11-28,completed,continue
VIS000599,APP001000,2025-11-24,2025-11-27,completed,continue
VIS000600,APP001001,2025-11-25,2025-11-30,completed,continue
VIS000601,APP001002,2025-11-26,2025-12-03,completed,continue
VIS000602,APP001005,2025-11-27,,cancelled,
VIS000603,APP001006,2025-11-27,2025-12-01,completed,continue
VIS000604,APP001007,2025-11-30,2025-12-03,completed,continue
VIS000605,APP001011,2025-11-30,2025-12-04,completed,continue
VIS000606,APP001013,2025-11-25,2025-11-29,completed,decline
VIS000607,APP001015,2025-11-26,2025-12-01,completed,continue
VIS000609,APP001018,2025-12-01,2025-12-04,completed,continue
VIS000610,APP001019,2025-11-26,2025-11-30,completed,continue
VIS000611,APP001021,2025-12-03,2025-12-06,completed,continue
VIS000613,APP001025,2025-11-29,2025-12-04,completed,continue
VIS000614,APP001026,2025-12-01,2025-12-07,completed,decline
VIS000615,APP001027,2025-11-27,2025-11-29,completed,continue
VIS000616,APP001031,2025-12-03,2025-12-10,completed,continue
VIS000617,APP001033,2025-12-04,2025-12-09,completed,continue
VIS000619,APP001035,2025-12-05,2025-12-12,completed,continue
VIS000620,APP001036,2025-12-13,2025-12-18,completed,continue
VIS000621,APP001041,2025-12-06,2025-12-12,completed,continue
VIS000622,APP001043,2025-12-08,2025-12-13,completed,continue
VIS000623,APP001045,2025-12-07,2025-12-14,completed,decline
VIS000624,APP001047,2025-12-09,2025-12-11,completed,continue
VIS000625,APP001048,2025-12-11,2025-12-18,completed,continue
VIS000626,APP001049,2025-12-10,2025-12-12,completed,continue
VIS000627,APP001052,2025-12-13,2025-12-16,completed,continue
VIS000628,APP001053,2025-12-13,2025-12-16,completed,continue
VIS000629,APP001054,2025-12-10,2025-12-13,completed,continue
VIS000630,APP001055,2025-12-15,2025-12-20,completed,continue
VIS000632,APP001060,2025-12-16,2025-12-20,completed,continue
VIS000633,APP001061,2025-12-14,2025-12-17,completed,continue
VIS000634,APP001062,2025-12-14,2025-12-20,completed,continue
VIS000635,APP001063,2025-12-11,2025-12-16,completed,continue
VIS000636,APP001064,2025-12-18,2025-12-24,completed,continue
VIS000637,APP001066,2025-12-14,2025-12-17,completed,continue
VIS000638,APP001067,2025-12-16,2025-12-21,completed,continue
VIS000639,APP001070,2025-12-22,2025-12-24,completed,continue
VIS000640,APP001073,2025-12-16,2025-12-23,completed,continue
VIS000641,APP001076,2025-12-19,2025-12-26,completed,continue
VIS000642,APP001077,2025-12-18,2025-12-20,completed,continue
VIS000643,APP001078,2025-12-17,2025-12-19,completed,continue
VIS000645,APP001081,2025-12-23,2025-12-26,completed,continue
VIS000646,APP001084,2025-12-17,2025-12-22,completed,continue
VIS000647,APP001086,2025-12-21,2025-12-28,completed,continue
VIS000648,APP001087,2025-12-18,2025-12-25,completed,decline
VIS000649,APP001090,2025-12-23,,cancelled,
VIS000650,APP001092,2025-12-21,2025-12-26,completed,continue
VIS000651,APP001097,2025-12-22,2025-12-28,completed,continue
VIS000652,APP001100,2025-12-21,2025-12-25,completed,decline
VIS000653,APP001101,2025-12-23,2025-12-29,completed,continue
VIS000655,APP001105,2025-12-25,2025-12-31,completed,decline
VIS000656,APP001106,2025-12-29,2025-12-31,completed,continue
VIS000657,APP001107,2025-12-29,2025-12-31,completed,continue
VIS000658,APP001110,2025-12-29,2026-01-04,completed,continue
VIS000659,APP001111,2025-12-28,2026-01-03,completed,continue
VIS000660,APP001112,2026-01-01,2026-01-04,completed,decline
VIS000661,APP001113,2025-12-30,2026-01-06,completed,continue
VIS000662,APP001115,2025-12-27,2026-01-01,completed,continue
VIS000663,APP001119,2025-12-31,,cancelled,
VIS000664,APP001122,2026-01-03,2026-01-06,completed,continue
VIS000665,APP001123,2025-12-30,2026-01-05,completed,decline
VIS000666,APP001124,2025-12-26,2026-01-02,completed,continue
VIS000667,APP001127,2026-01-03,2026-01-06,completed,decline
VIS000669,APP001129,2025-12-31,2026-01-06,completed,continue
VIS000670,APP001131,2025-12-29,2025-12-31,completed,continue
VIS000671,APP001133,2025-12-31,2026-01-06,completed,continue
VIS000673,APP001136,2026-01-03,2026-01-08,completed,continue
VIS000674,APP001141,2026-01-01,2026-01-08,completed,continue
VIS000675,APP001142,2026-01-03,2026-01-09,completed,continue
VIS000676,APP001144,2026-01-06,2026-01-08,completed,continue
VIS000677,APP001145,2026-01-06,2026-01-13,completed,continue
VIS000678,APP001147,2026-01-05,2026-01-08,completed,continue
VIS000679,APP001148,2026-01-05,2026-01-12,completed,continue
VIS000680,APP001150,2026-01-06,2026-01-12,completed,decline
VIS000681,APP001152,2026-01-09,2026-01-11,completed,continue
VIS000682,APP001153,2026-01-06,2026-01-11,completed,continue
VIS000683,APP001157,2026-01-03,2026-01-05,completed,continue
VIS000684,APP001158,2026-01-07,,cancelled,
VIS000685,APP001159,2026-01-10,,cancelled,
VIS000687,APP001162,2026-01-11,2026-01-15,completed,continue
VIS000688,APP001163,2026-01-11,2026-01-15,completed,continue
VIS000689,APP001164,2026-01-07,2026-01-10,completed,continue
VIS000690,APP001169,2026-01-09,2026-01-11,completed,continue
VIS000691,APP001170,2026-01-10,,cancelled,
VIS000693,APP001175,2026-01-12,,cancelled,
VIS000695,APP001183,2026-01-14,2026-01-16,completed,decline
VIS000696,APP001185,2026-01-14,2026-01-19,completed,continue
VIS000697,APP001186,2026-01-14,2026-01-21,completed,continue
VIS000699,APP001190,2026-01-16,2026-01-18,completed,continue
VIS000700,APP001191,2026-01-14,2026-01-17,completed,continue
VIS000701,APP001192,2026-01-15,2026-01-21,completed,continue
VIS000702,APP001195,2026-01-17,2026-01-20,completed,continue
VIS000703,APP001197,2026-01-19,2026-01-22,completed,decline
VIS000704,APP001200,2026-01-19,2026-01-25,completed,decline
VIS000705,APP001201,2026-01-15,2026-01-20,completed,continue
VIS000707,APP001204,2026-01-20,2026-01-26,completed,decline
VIS000708,APP001206,2026-01-19,2026-01-25,completed,continue
VIS000709,APP001207,2026-01-21,2026-01-23,completed,continue
VIS000710,APP001210,2026-01-20,,cancelled,
VIS000712,APP001214,2026-01-19,2026-01-23,completed,decline
VIS000713,APP001222,2026-01-24,2026-01-31,completed,continue
VIS000714,APP001223,2026-01-25,2026-01-31,completed,continue
VIS000715,APP001224,2026-01-22,2026-01-28,completed,continue
VIS000716,APP001225,2026-01-20,2026-01-24,completed,decline
VIS000718,APP001229,2026-01-22,2026-01-26,completed,decline
VIS000719,APP001230,2026-01-29,2026-01-31,completed,continue
VIS000721,APP001233,2026-01-26,2026-01-30,completed,continue
VIS000722,APP001234,2026-01-22,2026-01-29,completed,continue
VIS000723,APP001237,2026-01-27,2026-01-30,completed,continue
VIS000726,APP001241,2026-02-02,2026-02-08,completed,continue
VIS000727,APP001242,2026-01-29,2026-02-02,completed,decline
VIS000728,APP001243,2026-01-28,2026-01-30,completed,continue
VIS000729,APP001244,2026-01-31,2026-02-02,completed,continue
VIS000730,APP001248,2026-02-02,2026-02-06,completed,continue
VIS000731,APP001249,2026-01-25,2026-01-28,completed,continue
VIS000734,APP001257,2026-01-30,,cancelled,
VIS000736,APP001261,2026-02-05,,cancelled,
VIS000737,APP001262,2026-01-30,2026-02-04,completed,continue
VIS000738,APP001265,2026-02-03,2026-02-07,completed,continue
VIS000739,APP001266,2026-02-05,2026-02-12,completed,continue
VIS000740,APP001268,2026-02-06,2026-02-13,completed,continue
VIS000741,APP001269,2026-02-05,2026-02-11,completed,decline
VIS000742,APP001271,2026-02-02,2026-02-05,completed,continue
VIS000743,APP001272,2026-02-04,2026-02-09,completed,continue
VIS000744,APP001273,2026-01-31,2026-02-03,completed,continue
VIS000746,APP001275,2026-02-03,2026-02-05,completed,decline
VIS000747,APP001282,2026-02-08,2026-02-10,completed,decline
VIS000748,APP001283,2026-02-04,2026-02-11,completed,continue
VIS000749,APP001284,2026-02-03,,cancelled,
VIS000750,APP001285,2026-02-07,2026-02-12,completed,continue
VIS000751,APP001286,2026-02-08,2026-02-10,completed,continue
VIS000753,APP001289,2026-02-07,2026-02-11,completed,continue
VIS000754,APP001290,2026-02-08,2026-02-15,completed,decline
VIS000755,APP001296,2026-02-05,2026-02-12,completed,continue
VIS000756,APP001297,2026-02-12,2026-02-16,completed,decline
VIS000757,APP001298,2026-02-08,2026-02-11,completed,decline
VIS000758,APP001300,2026-02-05,2026-02-07,completed,continue
VIS000759,APP001301,2026-02-07,2026-02-13,completed,decline
VIS000760,APP001303,2026-02-09,2026-02-14,completed,continue
VIS000761,APP001306,2026-02-10,2026-02-12,completed,continue
VIS000763,APP001315,2026-02-14,2026-02-20,completed,continue
VIS000765,APP001317,2026-02-16,2026-02-23,completed,continue
VIS000766,APP001318,2026-02-17,2026-02-23,completed,continue
VIS000767,APP001320,2026-02-14,2026-02-21,completed,continue
VIS000768,APP001321,2026-02-18,2026-02-20,completed,continue
VIS000769,APP001322,2026-02-18,2026-02-22,completed,continue
VIS000770,APP001324,2026-02-15,2026-02-18,completed,continue
VIS000771,APP001325,2026-02-12,2026-02-17,completed,decline
VIS000772,APP001326,2026-02-14,2026-02-21,completed,continue
VIS000773,APP001329,2026-02-15,2026-02-21,completed,continue
VIS000774,APP001331,2026-02-15,2026-02-19,completed,continue
VIS000775,APP001334,2026-02-19,2026-02-21,completed,continue
VIS000776,APP001335,2026-02-17,2026-02-19,completed,continue
VIS000777,APP001336,2026-02-16,2026-02-19,completed,continue
VIS000778,APP001340,2026-02-16,2026-02-19,completed,continue
VIS000780,APP001344,2026-02-19,,cancelled,
VIS000781,APP001345,2026-02-18,2026-02-22,completed,continue
VIS000782,APP001349,2026-02-23,,cancelled,
VIS000783,APP001352,2026-02-19,2026-02-22,completed,decline
VIS000784,APP001357,2026-02-22,2026-02-27,completed,continue
VIS000787,APP001363,2026-02-25,2026-03-03,completed,continue
VIS000788,APP001364,2026-02-20,,cancelled,
VIS000789,APP001367,2026-02-22,2026-02-26,completed,continue
VIS000790,APP001368,2026-02-26,2026-03-02,completed,continue
VIS000791,APP001369,2026-02-24,2026-02-26,completed,continue
VIS000792,APP001371,2026-02-26,2026-03-01,completed,continue
VIS000793,APP001373,2026-02-26,2026-03-02,completed,continue
VIS000794,APP001376,2026-03-01,2026-03-04,completed,continue
VIS000795,APP001377,2026-02-26,2026-02-28,completed,continue
VIS000798,APP001382,2026-02-27,,cancelled,
VIS000799,APP001383,2026-02-27,2026-03-04,completed,continue
VIS000800,APP001384,2026-02-26,2026-03-05,completed,continue
VIS000801,APP001386,2026-02-22,2026-03-01,completed,decline
VIS000804,APP001402,2026-03-03,2026-03-06,completed,continue
VIS000805,APP001403,2026-03-07,2026-03-14,completed,decline
VIS000806,APP001406,2026-03-01,2026-03-04,completed,continue
VIS000807,APP001412,2026-03-06,2026-03-09,completed,decline
VIS000808,APP001413,2026-03-09,2026-03-11,completed,continue
VIS000809,APP001414,2026-03-06,2026-03-10,completed,continue
VIS000810,APP001419,2026-03-10,2026-03-15,completed,continue
VIS000811,APP001420,2026-03-08,2026-03-13,completed,continue
VIS000812,APP001423,2026-03-08,2026-03-11,completed,continue
VIS000813,APP001426,2026-03-13,2026-03-16,completed,continue
VIS000814,APP001429,2026-03-10,2026-03-16,completed,continue
VIS000815,APP001430,2026-03-11,2026-03-13,completed,continue
VIS000816,APP001431,2026-03-08,2026-03-14,completed,decline
VIS000817,APP001433,2026-03-08,2026-03-13,completed,continue
VIS000818,APP001434,2026-03-08,2026-03-14,completed,continue
VIS000819,APP001435,2026-03-09,2026-03-11,completed,continue
VIS000821,APP001442,2026-03-13,2026-03-19,completed,continue
VIS000822,APP001445,2026-03-14,2026-03-20,completed,continue
VIS000823,APP001447,2026-03-13,2026-03-19,completed,continue
VIS000824,APP001452,2026-03-16,2026-03-22,completed,continue
VIS000826,APP001457,2026-03-17,2026-03-23,completed,decline
VIS000828,APP001464,2026-03-16,2026-03-23,completed,decline
VIS000829,APP001467,2026-03-17,2026-03-22,completed,continue
VIS000830,APP001468,2026-03-17,2026-03-20,completed,continue
VIS000832,APP001472,2026-03-22,2026-03-24,completed,continue
VIS000833,APP001473,2026-03-18,2026-03-25,completed,continue
VIS000834,APP001474,2026-03-19,2026-03-21,completed,continue
VIS000835,APP001476,2026-03-17,2026-03-21,completed,continue
VIS000836,APP001484,2026-03-16,2026-03-21,completed,continue
VIS000837,APP001486,2026-03-19,2026-03-25,completed,decline
VIS000838,APP001487,2026-03-23,,cancelled,
VIS000839,APP001488,2026-03-23,2026-03-28,completed,continue
VIS000840,APP001489,2026-03-21,2026-03-25,completed,continue
VIS000841,APP001491,2026-03-22,2026-03-29,completed,continue
VIS000842,APP001494,2026-03-23,2026-03-29,completed,continue
VIS000843,APP001495,2026-03-22,2026-03-27,completed,continue
VIS000844,APP001503,2026-03-21,2026-03-27,completed,decline
VIS000846,APP001515,2026-03-24,2026-03-28,completed,continue
VIS000847,APP001518,2026-03-25,2026-03-31,completed,continue
VIS000848,APP001519,2026-03-22,2026-03-28,completed,continue
VIS000849,APP001520,2026-03-22,2026-03-27,completed,continue
VIS000850,APP001521,2026-03-23,2026-03-26,completed,continue
VIS000851,APP001524,2026-03-27,2026-03-30,completed,continue
VIS000852,APP001530,2026-03-29,2026-04-02,completed,continue
VIS000853,APP001532,2026-03-26,,cancelled,
VIS000854,APP001534,2026-03-27,2026-04-02,completed,continue
VIS000855,APP001535,2026-03-26,2026-03-30,completed,decline
VIS000856,APP001536,2026-03-28,2026-04-03,completed,continue
VIS000857,APP001537,2026-03-29,2026-04-05,completed,decline
VIS000858,APP001539,2026-03-29,2026-04-02,completed,continue
VIS000859,APP001544,2026-03-31,2026-04-02,completed,continue
VIS000860,APP001545,2026-03-31,2026-04-04,completed,continue
VIS000861,APP001547,2026-03-31,2026-04-02,completed,decline
VIS000862,APP001549,2026-03-28,2026-04-03,completed,continue
VIS000863,APP001550,2026-03-31,2026-04-02,completed,decline
VIS000864,APP001553,2026-03-31,2026-04-05,completed,decline
VIS000865,APP001555,2026-03-29,2026-04-04,completed,decline
VIS000866,APP001557,2026-03-31,,cancelled,
VIS000867,APP001560,2026-04-02,2026-04-04,completed,continue
VIS000868,APP001563,2026-04-04,2026-04-07,completed,decline
VIS000869,APP001566,2026-04-03,2026-04-06,completed,decline
VIS000870,APP001567,2026-04-02,2026-04-04,completed,continue
VIS000871,APP001574,2026-04-04,2026-04-10,completed,continue
VIS000872,APP001576,2026-03-30,2026-04-03,completed,continue
VIS000873,APP001577,2026-04-01,2026-04-03,completed,continue
VIS000874,APP001578,2026-03-31,2026-04-05,completed,continue
VIS000876,APP001585,2026-04-02,2026-04-04,completed,continue
VIS000877,APP001586,2026-04-05,2026-04-09,completed,continue
VIS000878,APP001587,2026-04-05,2026-04-09,completed,continue
VIS000879,APP001588,2026-04-05,2026-04-08,completed,continue
VIS000880,APP001589,2026-04-08,2026-04-14,completed,decline
VIS000881,APP001593,2026-04-07,2026-04-14,completed,decline
VIS000882,APP001597,2026-04-08,2026-04-15,completed,continue
VIS000883,APP001598,2026-04-10,2026-04-17,completed,continue
VIS000884,APP001601,2026-04-06,2026-04-11,completed,continue
VIS000885,APP001605,2026-04-08,2026-04-14,completed,continue
VIS000886,APP001606,2026-04-09,2026-04-12,completed,decline
VIS000887,APP001607,2026-04-07,2026-04-12,completed,decline
VIS000888,APP001610,2026-04-10,2026-04-17,completed,continue
VIS000889,APP001612,2026-04-10,2026-04-12,completed,continue
VIS000890,APP001613,2026-04-07,2026-04-10,completed,continue
VIS000891,APP001615,2026-04-06,2026-04-12,completed,continue
VIS000892,APP001617,2026-04-11,2026-04-18,completed,continue
VIS000893,APP001618,2026-04-10,2026-04-16,completed,continue
VIS000894,APP001620,2026-04-11,2026-04-15,completed,continue
VIS000895,APP001621,2026-04-09,2026-04-16,completed,continue
VIS000896,APP001623,2026-04-09,2026-04-16,completed,decline
VIS000897,APP001624,2026-04-09,2026-04-15,completed,continue
VIS000898,APP001630,2026-04-16,2026-04-22,completed,continue
VIS000900,APP001633,2026-04-14,,cancelled,
VIS000902,APP001638,2026-04-16,2026-04-22,completed,continue
VIS000903,APP001639,2026-04-15,2026-04-18,completed,continue
VIS000905,APP001641,2026-04-15,2026-04-19,completed,decline
VIS000906,APP001644,2026-04-14,2026-04-20,completed,continue
VIS000907,APP001645,2026-04-16,2026-04-20,completed,continue
VIS000910,APP001652,2026-04-13,2026-04-20,completed,continue
VIS000911,APP001659,2026-04-17,2026-04-19,completed,continue
VIS000912,APP001660,2026-04-17,2026-04-22,completed,continue
VIS000913,APP001663,2026-04-15,2026-04-21,completed,continue
VIS000914,APP001664,2026-04-15,2026-04-18,completed,continue
VIS000915,APP001667,2026-04-16,2026-04-19,completed,continue
VIS000916,APP001670,2026-04-18,2026-04-25,completed,continue
VIS000917,APP001671,2026-04-23,2026-04-29,completed,continue
VIS000918,APP001674,2026-04-20,2026-04-25,completed,continue
VIS000919,APP001675,2026-04-20,2026-04-25,completed,continue
VIS000920,APP001676,2026-04-18,2026-04-21,completed,continue
VIS000921,APP001678,2026-04-18,2026-04-23,completed,continue
VIS000922,APP001679,2026-04-21,2026-04-23,completed,decline
VIS000923,APP001680,2026-04-22,2026-04-24,completed,continue
VIS000924,APP001688,2026-04-25,2026-04-27,completed,continue
VIS000925,APP001689,2026-04-22,2026-04-29,completed,continue
VIS000926,APP001691,2026-04-23,2026-04-25,completed,continue
VIS000927,APP001692,2026-04-20,2026-04-22,completed,continue
VIS000929,APP001695,2026-04-21,2026-04-24,completed,continue
VIS000930,APP001696,2026-04-24,2026-04-30,completed,decline
VIS000931,APP001697,2026-04-24,2026-04-28,completed,continue
VIS000932,APP001700,2026-04-23,2026-04-28,completed,continue
VIS000933,APP001701,2026-04-17,,cancelled,
VIS000934,APP001711,2026-04-29,2026-05-03,completed,continue
VIS000935,APP001712,2026-04-23,2026-04-29,completed,decline
VIS000936,APP001715,2026-04-19,2026-04-21,completed,continue
VIS000937,APP001717,2026-04-25,2026-04-30,completed,continue
VIS000938,APP001718,2026-04-26,2026-04-30,completed,continue
VIS000939,APP001719,2026-04-28,2026-05-01,completed,continue
VIS000940,APP001720,2026-04-28,2026-05-05,completed,decline
VIS000943,APP001729,2026-04-30,2026-05-06,completed,continue
VIS000944,APP001731,2026-04-29,2026-05-03,completed,decline
VIS000947,APP001739,2026-04-29,2026-05-01,completed,continue
VIS000948,APP001741,2026-04-27,,cancelled,
VIS000949,APP001742,2026-04-25,2026-04-27,completed,continue
VIS000950,APP001747,2026-04-27,2026-05-04,completed,continue
VIS000951,APP001748,2026-04-28,2026-05-04,completed,continue
VIS000952,APP001749,2026-05-03,2026-05-09,completed,continue
VIS000953,APP001754,2026-05-03,2026-05-10,completed,continue
VIS000954,APP001756,2026-04-30,2026-05-07,completed,continue
VIS000955,APP001757,2026-05-02,2026-05-05,completed,continue
VIS000956,APP001758,2026-05-04,2026-05-07,completed,continue
VIS000957,APP001760,2026-05-02,2026-05-04,completed,continue
VIS000958,APP001761,2026-05-03,2026-05-06,completed,continue
VIS000959,APP001762,2026-05-03,2026-05-05,completed,continue
VIS000960,APP001766,2026-05-04,2026-05-08,completed,continue
VIS000961,APP001767,2026-05-02,2026-05-09,completed,continue
VIS000962,APP001773,2026-05-03,2026-05-08,completed,continue
VIS000963,APP001774,2026-05-07,2026-05-14,completed,continue
VIS000964,APP001777,2026-05-02,2026-05-08,completed,decline
VIS000965,APP001779,2026-05-11,,cancelled,
VIS000966,APP001781,2026-05-04,2026-05-10,completed,continue
VIS000967,APP001782,2026-05-09,2026-05-14,completed,continue
VIS000968,APP001788,2026-05-08,2026-05-12,completed,continue
VIS000969,APP001789,2026-05-05,,cancelled,
VIS000970,APP001790,2026-05-07,2026-05-14,completed,decline
VIS000971,APP001792,2026-05-10,2026-05-12,completed,continue
VIS000972,APP001797,2026-05-10,2026-05-16,completed,continue
VIS000973,APP001798,2026-05-10,2026-05-14,completed,decline
VIS000974,APP001800,2026-05-12,2026-05-16,completed,decline
VIS000975,APP001801,2026-05-14,2026-05-21,completed,continue
VIS000976,APP001802,2026-05-08,,cancelled,
VIS000977,APP001803,2026-05-09,,cancelled,
VIS000979,APP001809,2026-05-12,2026-05-17,completed,decline
VIS000980,APP001810,2026-05-14,2026-05-20,completed,continue
VIS000981,APP001812,2026-05-12,2026-05-17,completed,continue
VIS000982,APP001816,2026-05-12,2026-05-19,completed,continue
VIS000983,APP001820,2026-05-10,2026-05-14,completed,continue
VIS000984,APP001821,2026-05-15,2026-05-17,completed,continue
VIS000986,APP001824,2026-05-17,,cancelled,
VIS000987,APP001827,2026-05-16,2026-05-23,completed,continue
VIS000988,APP001830,2026-05-15,2026-05-19,completed,continue
VIS000989,APP001832,2026-05-18,2026-05-22,completed,decline
VIS000990,APP001836,2026-05-18,2026-05-22,completed,continue
VIS000991,APP001841,2026-05-19,2026-05-26,completed,decline
VIS000992,APP001843,2026-05-17,2026-05-19,completed,continue
VIS000993,APP001846,2026-05-17,2026-05-24,completed,continue
VIS000994,APP001847,2026-05-20,2026-05-23,completed,continue
VIS000995,APP001849,2026-05-20,2026-05-22,completed,continue
VIS000996,APP001850,2026-05-16,2026-05-20,completed,decline
VIS000997,APP001853,2026-05-21,2026-05-27,completed,continue
VIS000998,APP001855,2026-05-21,2026-05-27,completed,continue
VIS000999,APP001856,2026-05-22,2026-05-24,completed,continue
VIS001000,APP001857,2026-05-18,2026-05-20,completed,continue
VIS001001,APP001858,2026-05-19,2026-05-25,completed,continue
VIS001002,APP001859,2026-05-20,2026-05-23,completed,continue
VIS001003,APP001860,2026-05-23,2026-05-28,completed,decline
VIS001004,APP001863,2026-05-21,2026-05-26,completed,decline
VIS001005,APP001874,2026-05-23,2026-05-28,completed,continue
VIS001006,APP001875,2026-05-26,2026-06-01,completed,continue
VIS001007,APP001877,2026-05-20,2026-05-23,completed,continue
VIS001008,APP001878,2026-05-25,2026-05-27,completed,continue
VIS001009,APP001879,2026-05-24,2026-05-27,completed,continue
VIS001010,APP001881,2026-05-26,2026-05-29,completed,decline
VIS001011,APP001882,2026-05-25,2026-05-29,completed,continue
VIS001012,APP001883,2026-05-23,2026-05-28,completed,continue
VIS001013,APP001884,2026-05-21,2026-05-25,completed,continue
VIS001014,APP001888,2026-05-29,,cancelled,
VIS001015,APP001889,2026-05-25,2026-06-01,completed,continue
VIS001016,APP001890,2026-05-26,2026-06-01,completed,continue
VIS001017,APP001894,2026-05-31,2026-06-06,completed,continue
VIS001019,APP001897,2026-05-31,2026-06-06,completed,continue
VIS001020,APP001900,2026-05-27,2026-06-03,completed,continue
VIS001021,APP001901,2026-05-29,2026-06-05,completed,continue
VIS001022,APP001907,2026-06-01,2026-06-03,completed,continue
VIS001023,APP001909,2026-06-01,2026-06-07,completed,continue
VIS001024,APP001914,2026-06-01,2026-06-07,completed,continue
VIS001025,APP001915,2026-06-02,2026-06-07,completed,decline
VIS001026,APP001917,2026-05-31,2026-06-02,completed,continue
VIS001027,APP001919,2026-06-03,2026-06-08,completed,decline
VIS001028,APP001920,2026-05-31,2026-06-06,completed,decline
VIS001029,APP001922,2026-06-01,2026-06-08,completed,continue
VIS001030,APP001923,2026-06-03,2026-06-10,completed,continue
VIS001031,APP001924,2026-06-03,2026-06-08,completed,continue
VIS001032,APP001928,2026-05-30,2026-06-04,completed,continue
VIS001033,APP001930,2026-06-03,2026-06-10,completed,continue
VIS001034,APP001931,2026-06-04,2026-06-07,completed,decline
VIS001035,APP001933,2026-06-01,2026-06-06,completed,decline
VIS001037,APP001936,2026-06-03,2026-06-07,completed,continue
VIS001038,APP001937,2026-06-06,2026-06-09,completed,continue
VIS001039,APP001941,2026-06-04,,cancelled,
VIS001040,APP001942,2026-06-04,2026-06-07,completed,decline
VIS001041,APP001944,2026-06-04,2026-06-11,completed,continue
VIS001042,APP001945,2026-06-04,2026-06-10,completed,continue
VIS001043,APP001946,2026-06-04,2026-06-11,completed,continue
VIS001044,APP001950,2026-06-02,2026-06-05,completed,decline
VIS001045,APP001952,2026-06-07,2026-06-09,completed,decline
VIS001046,APP001954,2026-06-04,2026-06-11,completed,continue
VIS001047,APP001955,2026-06-09,2026-06-11,completed,continue
VIS001048,APP001958,2026-06-05,2026-06-11,completed,continue
VIS001049,APP001959,2026-06-08,,cancelled,
VIS001050,APP001960,2026-06-07,2026-06-10,completed,continue
VIS001051,APP001962,2026-06-07,2026-06-13,completed,decline
VIS001052,APP001963,2026-06-07,2026-06-10,completed,continue
VIS001053,APP001967,2026-06-10,2026-06-16,completed,decline
VIS001054,APP001969,2026-06-09,,cancelled,
VIS001055,APP001970,2026-06-08,2026-06-11,completed,continue
VIS001056,APP001976,2026-06-06,2026-06-10,completed,continue
VIS001059,APP001984,2026-06-09,,cancelled,
VIS001060,APP001989,2026-06-15,,cancelled,
VIS001061,APP001990,2026-06-13,2026-06-18,completed,continue
VIS001062,APP001993,2026-06-15,2026-06-21,completed,decline
VIS001063,APP001997,2026-06-16,2026-06-21,completed,continue
VIS001064,APP001999,2026-06-13,2026-06-19,completed,continue
VIS001065,APP002001,2026-06-11,2026-06-17,completed,continue
VIS001068,APP002011,2026-06-18,2026-06-21,completed,continue
VIS001069,APP002012,2026-06-14,,cancelled,
VIS001070,APP002015,2026-06-14,2026-06-17,completed,continue
VIS001071,APP002017,2026-06-15,,cancelled,
VIS001072,APP002019,2026-06-17,2026-06-20,completed,continue
VIS001073,APP002020,2026-06-18,2026-06-20,completed,continue
VIS001074,APP002024,2026-06-21,2026-06-28,completed,decline
VIS001075,APP002026,2026-06-19,2026-06-24,completed,continue
VIS001076,APP002029,2026-06-20,2026-06-25,completed,continue
VIS001077,APP002030,2026-06-21,2026-06-23,completed,continue
VIS001078,APP002032,2026-06-25,2026-06-27,completed,continue
VIS001079,APP002033,2026-06-22,2026-06-24,completed,continue
VIS001080,APP002035,2026-06-22,2026-06-24,completed,continue
VIS001081,APP002036,2026-06-23,2026-06-27,completed,continue
VIS001082,APP002037,2026-06-19,2026-06-23,completed,decline
VIS001083,APP002038,2026-06-23,2026-06-28,completed,decline
VIS001084,APP002039,2026-06-23,2026-06-28,completed,decline
VIS001085,APP002040,2026-06-25,2026-07-02,completed,decline
VIS001086,APP002041,2026-06-23,2026-06-30,completed,continue
VIS001087,APP002044,2026-06-24,2026-07-01,completed,decline
VIS001088,APP002045,2026-06-25,2026-06-27,completed,continue
VIS001089,APP002047,2026-06-24,,cancelled,
VIS001090,APP002049,2026-06-23,2026-06-28,completed,decline
VIS001091,APP002054,2026-06-28,2026-06-30,completed,decline
VIS001092,APP002055,2026-06-27,,cancelled,
VIS001093,APP002063,2026-06-28,2026-07-04,completed,continue
VIS001094,APP002065,2026-06-28,2026-06-30,completed,decline
VIS001096,APP002070,2026-06-30,2026-07-05,completed,continue
VIS001097,APP002071,2026-06-27,2026-07-01,completed,continue
VIS001098,APP002075,2026-06-27,2026-07-03,completed,decline
VIS001099,APP002077,2026-06-27,2026-06-30,completed,decline
VIS001102,APP002082,2026-06-28,2026-07-02,completed,continue
VIS001103,APP002083,2026-06-27,2026-07-03,completed,continue
VIS001104,APP002085,2026-06-29,2026-07-05,completed,decline
VIS001105,APP002087,2026-06-26,2026-07-01,completed,decline
VIS001107,APP002091,2026-06-29,2026-07-02,completed,continue
VIS001108,APP002092,2026-06-28,2026-07-03,completed,decline
VIS001109,APP002094,2026-06-29,2026-07-06,completed,continue
VIS001110,APP002097,2026-06-26,2026-07-02,completed,continue
VIS001111,APP002101,2026-06-30,2026-07-04,completed,continue
VIS001112,APP002102,2026-07-01,2026-07-03,completed,continue
VIS001113,APP002104,2026-06-29,2026-07-01,completed,continue
VIS001115,APP002108,2026-07-04,2026-07-09,completed,decline
VIS001116,APP002111,2026-06-28,2026-07-04,completed,continue
VIS001117,APP002113,2026-07-01,2026-07-06,completed,continue
VIS001119,APP002119,2026-07-03,,cancelled,
VIS001120,APP002120,2026-06-30,2026-07-04,completed,decline
VIS001121,APP002121,2026-07-05,2026-07-12,completed,decline
VIS001122,APP002122,2026-07-01,2026-07-06,completed,continue
VIS001123,APP002126,2026-07-06,2026-07-13,completed,decline
VIS001124,APP002127,2026-07-01,2026-07-05,completed,continue
VIS001125,APP002128,2026-07-05,2026-07-07,completed,continue
VIS001127,APP002134,2026-07-03,2026-07-08,completed,continue
VIS001128,APP002135,2026-07-04,2026-07-09,completed,continue
VIS001129,APP002137,2026-07-04,2026-07-11,completed,decline
VIS001131,APP002139,2026-07-05,2026-07-10,completed,decline
VIS001132,APP002141,2026-07-02,2026-07-06,completed,continue
VIS001134,APP002145,2026-07-07,2026-07-11,completed,continue
VIS001135,APP002148,2026-07-04,2026-07-08,completed,decline
VIS001136,APP002150,2026-07-09,2026-07-16,completed,decline
VIS001137,APP002151,2026-07-04,2026-07-08,completed,continue
VIS001138,APP002152,2026-07-08,2026-07-11,completed,continue
VIS001139,APP002153,2026-07-07,2026-07-12,completed,continue
VIS001140,APP002154,2026-07-05,2026-07-08,completed,continue
VIS001142,APP002158,2026-07-09,,cancelled,
VIS001143,APP002159,2026-07-09,2026-07-11,completed,decline
VIS001144,APP002160,2026-07-08,2026-07-10,completed,continue
VIS001145,APP002161,2026-07-08,2026-07-15,completed,continue
VIS001146,APP002162,2026-07-10,2026-07-15,completed,decline
VIS001147,APP002165,2026-07-13,2026-07-15,completed,decline
VIS001148,APP002167,2026-07-09,2026-07-16,completed,decline
VIS001149,APP002169,2026-07-12,2026-07-17,completed,decline
VIS001150,APP002170,2026-07-10,2026-07-16,completed,continue
VIS001151,APP002171,2026-07-09,2026-07-12,completed,continue
VIS001152,APP002176,2026-07-12,,cancelled,
VIS001153,APP002178,2026-07-12,2026-07-14,completed,decline
VIS001154,APP002180,2026-07-12,2026-07-16,completed,continue
VIS001156,APP002185,2026-07-11,2026-07-13,completed,decline
VIS001157,APP002191,2026-07-14,2026-07-16,completed,continue
VIS001158,APP002194,2026-07-14,2026-07-21,completed,continue
VIS001159,APP002196,2026-07-11,,cancelled,
VIS001160,APP002197,2026-07-14,2026-07-21,completed,continue
VIS001163,APP002204,2026-07-14,,cancelled,
VIS001165,APP002207,2026-07-14,2026-07-21,completed,continue
VIS001167,APP002210,2026-07-13,2026-07-15,completed,continue
VIS001168,APP002212,2026-07-17,2026-07-23,completed,continue
VIS001169,APP002213,2026-07-15,2026-07-18,completed,continue
VIS001170,APP002216,2026-07-13,2026-07-17,completed,continue
VIS001171,APP002217,2026-07-17,2026-07-23,completed,continue
VIS001173,APP002221,2026-07-19,2026-07-23,completed,continue
VIS001174,APP002223,2026-07-17,2026-07-23,completed,continue
VIS001175,APP002228,2026-07-17,,cancelled,
VIS001176,APP002229,2026-07-17,2026-07-22,completed,continue
VIS001177,APP002230,2026-07-17,2026-07-22,completed,continue
VIS001180,APP002237,2026-07-18,2026-07-21,completed,continue
VIS001181,APP002242,2026-07-19,2026-07-24,completed,continue
VIS001182,APP002244,2026-07-18,,cancelled,
VIS001183,APP002248,2026-07-22,2026-07-27,completed,continue
VIS001184,APP002254,2026-07-19,2026-07-23,completed,continue
VIS001185,APP002255,2026-07-20,2026-07-25,completed,continue
VIS001186,APP002256,2026-07-20,,cancelled,
VIS001187,APP002258,2026-07-23,2026-07-29,completed,continue
VIS001188,APP002260,2026-07-19,2026-07-21,completed,continue
VIS001190,APP002263,2026-07-24,2026-07-31,completed,continue
VIS001191,APP002265,2026-07-23,2026-07-28,completed,decline
VIS001192,APP002267,2026-07-23,2026-07-30,completed,continue
VIS001193,APP002268,2026-07-23,2026-07-30,completed,continue
VIS001194,APP002270,2026-07-26,2026-07-31,completed,continue
VIS001196,APP002279,2026-07-27,,cancelled,
VIS001197,APP002281,2026-07-25,2026-07-29,completed,continue
VIS001198,APP002282,2026-07-27,2026-07-30,completed,continue
VIS001199,APP002285,2026-07-26,2026-07-28,completed,continue
VIS001200,APP002286,2026-07-26,2026-08-02,completed,continue
VIS001201,APP002287,2026-07-27,2026-07-30,completed,continue
VIS001204,APP002291,2026-07-23,2026-07-30,completed,continue
VIS001205,APP002296,2026-07-29,2026-08-03,completed,continue
VIS001208,APP002302,2026-07-28,,cancelled,
VIS001209,APP002306,2026-07-30,2026-08-02,completed,continue
VIS001210,APP002307,2026-07-28,2026-08-03,completed,continue
VIS001211,APP002308,2026-07-30,2026-08-02,completed,continue
VIS001212,APP002312,2026-07-30,2026-08-02,completed,continue
VIS001213,APP002313,2026-07-28,,cancelled,
VIS001214,APP002314,2026-07-30,2026-08-02,completed,continue
VIS001216,APP002317,2026-07-28,2026-08-02,completed,continue
VIS001217,APP002321,2026-07-31,2026-08-03,completed,continue
VIS001218,APP002323,2026-07-30,2026-08-06,completed,continue
VIS001219,APP002325,2026-07-31,2026-08-04,completed,continue
VIS001220,APP002327,2026-07-30,2026-08-01,completed,continue
VIS001222,APP002329,2026-08-02,2026-08-09,completed,decline
VIS001223,APP002330,2026-07-31,2026-08-02,completed,continue
VIS001224,APP002331,2026-07-30,2026-08-05,completed,continue
VIS001225,APP002332,2026-08-04,2026-08-09,completed,continue
VIS001226,APP002333,2026-08-03,2026-08-06,completed,continue
VIS001227,APP002334,2026-08-01,2026-08-04,completed,continue
VIS001228,APP002335,2026-08-03,2026-08-07,completed,continue
VIS001229,APP002345,2026-08-02,2026-08-08,completed,continue
VIS001230,APP002346,2026-07-31,2026-08-07,completed,continue
VIS001231,APP002347,2026-08-03,2026-08-07,completed,continue
VIS001232,APP002348,2026-08-04,2026-08-09,completed,continue
VIS001235,APP002360,2026-08-03,2026-08-08,completed,decline
VIS001237,APP002365,2026-08-05,2026-08-12,completed,continue
VIS001240,APP002369,2026-08-08,2026-08-13,completed,continue
VIS001242,APP002372,2026-08-03,2026-08-08,completed,continue
VIS001243,APP002373,2026-08-07,2026-08-12,completed,continue
VIS001244,APP002375,2026-08-08,2026-08-10,completed,decline
VIS001246,APP002378,2026-08-06,2026-08-11,completed,decline
VIS001247,APP002380,2026-08-09,2026-08-13,completed,continue
VIS001248,APP002382,2026-08-05,2026-08-11,completed,continue
VIS001250,APP002388,2026-08-06,2026-08-10,completed,continue
VIS001252,APP002392,2026-08-08,2026-08-14,completed,continue
VIS001253,APP002393,2026-08-08,2026-08-10,completed,continue
VIS001254,APP002395,2026-08-12,2026-08-16,completed,continue
VIS001255,APP002398,2026-08-10,,cancelled,
VIS001257,APP002401,2026-08-08,2026-08-13,completed,continue
VIS001258,APP002405,2026-08-13,,cancelled,
VIS001259,APP002407,2026-08-11,,cancelled,
VIS001260,APP002408,2026-08-12,2026-08-18,completed,continue
VIS001261,APP002412,2026-08-14,2026-08-18,completed,continue
VIS001262,APP002413,2026-08-15,2026-08-17,completed,continue
VIS001263,APP002416,2026-08-12,2026-08-14,completed,continue
VIS001264,APP002417,2026-08-14,2026-08-20,completed,continue
VIS001265,APP002423,2026-08-09,2026-08-16,completed,continue
VIS001266,APP002425,2026-08-13,2026-08-15,completed,continue
VIS001268,APP002434,2026-08-13,2026-08-18,completed,continue
VIS001269,APP002436,2026-08-13,2026-08-15,completed,continue
VIS001270,APP002440,2026-08-13,2026-08-18,completed,continue
VIS001274,APP002447,2026-08-14,2026-08-16,completed,continue
VIS001275,APP002448,2026-08-18,2026-08-21,completed,continue
VIS001276,APP002449,2026-08-14,2026-08-18,completed,continue
VIS001277,APP002456,2026-08-13,2026-08-18,completed,decline
VIS001278,APP002460,2026-08-17,2026-08-22,completed,continue
VIS001279,APP002463,2026-08-17,2026-08-20,completed,continue
VIS001280,APP002465,2026-08-18,2026-08-24,completed,decline
VIS001281,APP002467,2026-08-18,2026-08-24,completed,decline
VIS001282,APP002468,2026-08-14,2026-08-20,completed,continue
VIS001284,APP002474,2026-08-18,2026-08-25,completed,decline
VIS001285,APP002477,2026-08-19,2026-08-26,completed,continue
VIS001286,APP002478,2026-08-19,2026-08-24,completed,decline
VIS001287,APP002480,2026-08-18,2026-08-24,completed,continue
VIS001288,APP002481,2026-08-18,2026-08-20,completed,continue
VIS001289,APP002482,2026-08-19,2026-08-25,completed,continue
VIS001290,APP002486,2026-08-25,2026-09-01,completed,continue
VIS001291,APP002487,2026-08-24,2026-08-27,completed,continue
VIS001292,APP002488,2026-08-22,2026-08-27,completed,continue
VIS001293,APP002489,2026-08-23,2026-08-28,completed,continue
VIS001294,APP002493,2026-08-21,2026-08-24,completed,decline
VIS001296,APP002501,2026-08-26,2026-09-02,completed,continue
VIS001297,APP002505,2026-08-25,2026-08-30,completed,continue
VIS001298,APP002508,2026-08-27,2026-09-02,completed,continue
VIS001299,APP002510,2026-08-26,,cancelled,
VIS001300,APP002511,2026-08-28,2026-08-31,completed,continue
VIS001301,APP002512,2026-08-29,2026-08-31,completed,continue
VIS001302,APP002519,2026-08-24,2026-08-31,completed,continue
VIS001303,APP002521,2026-08-28,2026-09-02,completed,continue
VIS001304,APP002524,2026-08-29,2026-09-02,completed,decline
VIS001305,APP002526,2026-08-27,2026-09-03,completed,continue
VIS001306,APP002536,2026-09-01,2026-09-03,completed,continue
VIS001307,APP002537,2026-08-29,2026-08-31,completed,decline
VIS001308,APP002544,2026-09-01,2026-09-06,completed,decline
VIS001309,APP002545,2026-09-01,2026-09-05,completed,continue
VIS001310,APP002547,2026-08-31,,cancelled,
VIS001311,APP002549,2026-08-31,2026-09-06,completed,continue
VIS001312,APP002551,2026-09-04,2026-09-11,completed,continue
VIS001313,APP002552,2026-09-03,2026-09-06,completed,decline
VIS001315,APP002556,2026-09-01,2026-09-06,completed,decline
VIS001317,APP002558,2026-09-01,2026-09-06,completed,continue
VIS001318,APP002561,2026-09-01,2026-09-07,completed,continue
VIS001320,APP002565,2026-09-02,2026-09-04,completed,continue
VIS001321,APP002566,2026-09-05,2026-09-09,completed,decline
VIS001322,APP002567,2026-09-04,2026-09-08,completed,decline
VIS001323,APP002568,2026-09-04,2026-09-09,completed,decline
VIS001324,APP002570,2026-09-05,2026-09-09,completed,continue
VIS001325,APP002572,2026-09-04,2026-09-09,completed,continue
VIS001327,APP002576,2026-09-04,2026-09-07,completed,continue
VIS001328,APP002579,2026-09-05,,cancelled,
VIS001330,APP002583,2026-09-05,2026-09-09,completed,decline
VIS001331,APP002587,2026-09-08,2026-09-10,completed,decline
VIS001332,APP002588,2026-09-05,2026-09-07,completed,continue
VIS001333,APP002591,2026-09-05,,cancelled,
VIS001334,APP002593,2026-09-06,2026-09-10,completed,continue
VIS001335,APP002597,2026-09-08,2026-09-14,completed,decline
VIS001336,APP002598,2026-09-09,2026-09-16,completed,continue
VIS001337,APP002599,2026-09-09,2026-09-15,completed,continue
VIS001338,APP002600,2026-09-09,2026-09-12,completed,continue
VIS001339,APP002601,2026-09-09,2026-09-12,completed,continue
VIS001340,APP002606,2026-09-03,,cancelled,
VIS001341,APP002608,2026-09-10,,cancelled,
VIS001342,APP002610,2026-09-09,2026-09-11,completed,decline
VIS001343,APP002612,2026-09-10,2026-09-17,completed,continue
VIS001344,APP002613,2026-09-10,2026-09-17,completed,continue
VIS001346,APP002619,2026-09-08,2026-09-15,completed,continue
VIS001347,APP002621,2026-09-10,2026-09-14,completed,continue
VIS001351,APP002635,2026-09-12,2026-09-17,completed,continue
VIS001352,APP002636,2026-09-12,2026-09-14,completed,continue
VIS001353,APP002637,2026-09-12,2026-09-15,completed,continue
VIS001354,APP002642,2026-09-11,2026-09-16,completed,continue
VIS001355,APP002645,2026-09-12,2026-09-18,completed,continue
VIS001356,APP002646,2026-09-12,2026-09-15,completed,continue
VIS001357,APP002647,2026-09-12,2026-09-17,completed,continue
VIS001359,APP002651,2026-09-14,2026-09-16,completed,continue
VIS001360,APP002658,2026-09-15,2026-09-19,completed,continue
VIS001361,APP002665,2026-09-17,2026-09-24,completed,decline
VIS001363,APP002672,2026-09-18,2026-09-21,completed,continue
VIS001364,APP002673,2026-09-17,2026-09-23,completed,continue
VIS001365,APP002674,2026-09-18,2026-09-23,completed,continue
VIS001366,APP002677,2026-09-20,,cancelled,
VIS001367,APP002678,2026-09-19,,cancelled,
VIS001370,APP002688,2026-09-20,2026-09-25,completed,continue
VIS001371,APP002689,2026-09-20,2026-09-26,completed,continue
VIS001372,APP002690,2026-09-19,2026-09-23,completed,continue
VIS001373,APP002696,2026-09-22,2026-09-28,completed,continue
VIS001374,APP002698,2026-09-20,2026-09-25,completed,continue
VIS001375,APP002701,2026-09-22,2026-09-24,completed,decline
VIS001376,APP002705,2026-09-24,2026-09-29,completed,continue
VIS001377,APP002706,2026-09-23,2026-09-25,completed,continue
VIS001378,APP002709,2026-09-23,,cancelled,
VIS001379,APP002710,2026-09-21,2026-09-27,completed,decline
VIS001380,APP002712,2026-09-23,2026-09-25,completed,continue
VIS001381,APP002714,2026-09-24,,cancelled,
VIS001382,APP002716,2026-09-27,,scheduled,
VIS001383,APP002717,2026-09-25,,scheduled,
VIS001384,APP002718,2026-09-24,2026-09-28,completed,decline
VIS001385,APP002721,2026-09-25,2026-09-29,completed,continue
VIS001386,APP002725,2026-09-26,,cancelled,
VIS001387,APP002726,2026-09-27,,scheduled,
VIS001390,APP002742,2026-09-28,,scheduled,
VIS001391,APP002748,2026-09-30,,scheduled,
VIS001392,APP002749,2026-09-29,,scheduled,
VIS001393,APP002750,2026-09-29,,scheduled,
VIS001394,APP002751,2026-09-26,,scheduled,
VIS001396,APP002756,2026-09-29,,cancelled,
VIS001397,APP002759,2026-09-29,,scheduled,
VIS001398,APP002768,2026-09-30,,scheduled,
